,Title,US Gross,Worldwide Gross,US DVD Sales,Production Budget,Release Date,MPAA Rating,Running Time min,Distributor,Source,Major Genre,Creative Type,Director,Rotten Tomatoes Rating,IMDB Rating,IMDB Votes
150,Bienvenue chez les Ch'tis,1470856,243470856,,16000000,2008-07-25,Not Rated,109,Link Productions Ltd.,Original Screenplay,Comedy,Contemporary Fiction,,,7.0,7129
164,The Cable Guy,60240295,102825796,,47000000,1996-06-14,PG-13,95,Sony Pictures,Original Screenplay,Comedy,Contemporary Fiction,Ben Stiller,52,5.8,51109
186,Clash of the Titans,30000000,30000000,,15000000,1981-06-12,,108,MGM,Traditional/Legend/Fairytale,Adventure,Fantasy,,65,5.9,45773
218,City Hall,20278055,20278055,,40000000,1996-02-16,R,111,Sony Pictures,Original Screenplay,Drama,Contemporary Fiction,Harold Becker,55,6.1,9908
222,Courage Under Fire,59003384,100833145,,46000000,1996-07-12,R,115,20th Century Fox,Original Screenplay,Drama,Historical Fiction,Edward Zwick,85,6.6,19682
234,Dante's Peak,67163857,178200000,,115000000,1997-02-07,PG-13,108,Universal,Original Screenplay,Drama,Contemporary Fiction,Roger Donaldson,28,5.6,23472
248,Dragonheart,51364680,104364680,,57000000,1996-05-31,PG-13,108,Universal,Original Screenplay,Adventure,Fantasy,Rob Cohen,50,6.2,26309
307,From Dusk Till Dawn,25728961,25728961,,20000000,1996-01-19,R,107,Miramax/Dimension,Original Screenplay,Horror,Fantasy,Robert Rodriguez,63,7.1,80234
325,First Morning,87264,87264,,300000,2005-07-15,PG-13,90,Illuminare,,Drama,,,,,
356,The First Wives Club,105489203,181489203,,30000000,1996-09-20,PG,90,Paramount Pictures,Based on Book/Short Story,Comedy,Contemporary Fiction,Hugh Wilson,41,5.6,14682
400,Gone with the Wind,198680470,390525192,,3900000,2039-12-15,G,222,MGM,Based on Book/Short Story,Drama,Historical Fiction,George Cukor,97,8.2,78947
435,Happy Gilmore,38623460,38623460,,10000000,1996-02-16,PG-13,92,Universal,Original Screenplay,Comedy,Contemporary Fiction,Dennis Dugan,58,6.9,54111
441,Harriet the Spy,26570048,26570048,,13000000,1996-07-10,PG,101,Paramount Pictures,Based on Book/Short Story,Adventure,Kids Fiction,,45,5.8,2963
455,Independence Day,306169255,817400878,,75000000,1996-07-02,PG-13,145,20th Century Fox,Original Screenplay,Adventure,Science Fiction,Roland Emmerich,61,6.5,149493
456,The Island of Dr. Moreau,27682712,27682712,,40000000,1996-08-23,PG-13,95,New Line,Based on Book/Short Story,Adventure,Science Fiction,John Frankenheimer,23,4.1,13770
468,The Island,15716828,15716828,,22000000,1980-06-13,PG-13,138,Universal,Based on Book/Short Story,Adventure,Contemporary Fiction,Michael Ritchie,,6.9,82601
471,Jack,58617334,58617334,,45000000,1996-08-09,PG-13,113,Walt Disney Pictures,Original Screenplay,Drama,Contemporary Fiction,Francis Ford Coppola,17,5.3,17267
473,Jingle All the Way,60592389,129832389,,60000000,1996-11-22,PG,89,20th Century Fox,Original Screenplay,Comedy,Kids Fiction,Brian Levant,16,4.9,22928
492,Kids,7412216,20412216,,1500000,1995-07-21,Not Rated,90,Shining Excalibur,Original Screenplay,Drama,Contemporary Fiction,,50,6.7,26122
493,Kingpin,25023424,32223424,,25000000,1996-07-26,R,113,MGM,Original Screenplay,Comedy,Contemporary Fiction,Bobby Farrelly,51,6.7,28404
580,Mars Attacks!,37771017,101371017,,80000000,1996-12-13,PG-13,110,Warner Bros.,Original Screenplay,Comedy,Science Fiction,Tim Burton,50,6.3,76396
587,Medicine Man,44948240,44948240,,40000000,1992-02-07,,87,Walt Disney Pictures,Original Screenplay,Drama,Contemporary Fiction,John McTiernan,22,5.7,9307
631,Multiplicity,20133326,20133326,,45000000,1996-07-17,PG-13,117,Sony Pictures,Based on Book/Short Story,Comedy,Science Fiction,Harold Ramis,44,5.7,11935
646,The English Patient,78716374,231716374,,35000000,1996-11-15,R,160,Miramax,Based on Book/Short Story,Drama,Historical Fiction,Anthony Minghella,83,7.3,54484
666,The Nutty Professor,128814019,273814019,,55000000,1996-06-28,PG-13,95,Universal,Remake,Comedy,Kids Fiction,Tom Shadyac,67,5.6,32234
705,Phenomenon,104636382,142836382,,32000000,1996-07-05,PG,124,Walt Disney Pictures,Original Screenplay,Drama,Contemporary Fiction,Jon Turteltaub,50,6.3,26823
716,The Adventures of Pinocchio,15382170,36682170,,25000000,1996-07-26,G,94,New Line,Based on Book/Short Story,Adventure,Fantasy,Steve Barron,27,5.3,1734
774,The Rise and Fall of Miss Thang,401,401,,10000,2008-08-14,Not Rated,87,Lavender House Films,Original Screenplay,Drama,Contemporary Fiction,,,,
787,Romeo+Juliet,46338728,147542381,,14500000,1996-11-01,PG-13,120,20th Century Fox,Based on Play,Drama,Contemporary Fiction,Baz Luhrmann,,6.5,78
811,Sgt. Bilko,30356589,37956589,,39000000,1996-03-29,PG,93,Universal,Based on TV,Comedy,Contemporary Fiction,,33,5.2,9693
836,Shine,35811509,35811509,,5500000,1996-11-22,PG-13,105,Fine Line,Based on Real Life Events,Drama,Dramatization,Scott Hicks,90,7.6,22439
844,Set It Off,36049108,36049108,,9000000,1996-11-06,R,120,New Line,Original Screenplay,Drama,Contemporary Fiction,F. Gary Gray,61,6.3,4570
848,Thinner,15171475,15171475,,14000000,1996-10-25,R,93,Paramount Pictures,Based on Book/Short Story,Horror,Fantasy,,18,5.3,7888
849,Sling Blade,24475416,34175000,,4833610,1996-11-20,R,133,Miramax,Based on Short Film,Drama,Contemporary Fiction,,96,8.0,41785
855,Sleepers,53300852,165600852,,44000000,1996-10-18,R,105,Warner Bros.,Based on Book/Short Story,Drama,Dramatization,Barry Levinson,73,7.3,51874
906,Stonewall,304602,304602,,2000000,1996-07-26,R,99,Strand,Based on Real Life Events,Drama,Dramatization,,,7.0,741
911,Striptease,32773011,32773011,,50000000,1996-06-28,R,115,Sony Pictures,Based on Book/Short Story,Comedy,Contemporary Fiction,Andrew Bergman,12,3.9,18012
913,Saints and Soldiers,1310470,1310470,,780000,2004-08-06,PG-13,90,Excel Entertainment,Based on Real Life Events,Drama,Dramatization,Ryan Little,,7.0,7581
928,Spy Hard,26936265,26936265,,18000000,1996-05-24,PG-13,81,Walt Disney Pictures,Original Screenplay,Comedy,Contemporary Fiction,,7,4.7,12682
966,Trainspotting,16501785,24000785,,3100000,1996-07-19,R,94,Miramax,Based on Book/Short Story,Drama,Contemporary Fiction,Danny Boyle,89,8.2,150483
981,A Time to Kill,108766007,152266007,,40000000,1996-07-24,R,150,Warner Bros.,Based on Book/Short Story,Drama,Contemporary Fiction,Joel Schumacher,68,7.1,38577
985,That Thing You Do!,25857416,31748615,,2500000,1996-10-04,PG,110,20th Century Fox,Original Screenplay,Drama,Historical Fiction,Tom Hanks,92,6.7,25916
1010,The Work and the Glory: American Zion,2025032,2025032,,6500000,2005-10-21,PG-13,100,Vineyard Distribution,Based on Book/Short Story,Drama,Historical Fiction,,,5.6,365
1049,Extreme Measures,17378193,17378193,,38000000,1996-09-27,R,117,Sony Pictures,Based on Book/Short Story,Drama,Contemporary Fiction,Michael Apted,55,5.9,8038
1051,Eye for an Eye,26792700,26792700,,20000000,1996-01-12,R,101,Paramount Pictures,Based on Book/Short Story,Drama,Contemporary Fiction,John Schlesinger,,5.7,4837
1058,102 Dalmatians,66941559,66941559,,85000000,2000-11-22,G,100,Walt Disney Pictures,Based on Book/Short Story,Comedy,Kids Fiction,Kevin Lima,30,4.4,7147
1066,13 Going On 30,57139723,96439723,,30000000,2004-04-23,PG-13,98,Sony Pictures,Original Screenplay,Comedy,Contemporary Fiction,Gary Winick,,6.1,32634
1067,Thirteen Ghosts,41867960,68467960,,19000000,2001-10-26,R,91,Warner Bros.,Original Screenplay,Horror,Fantasy,,,5.1,23243
1068,1408,71985628,128529299,49668544,22500000,2007-06-22,PG-13,102,MGM,Based on Book/Short Story,Horror,Contemporary Fiction,,78,6.9,72913
1080,28 Days,37035515,62063972,,43000000,2000-04-14,PG-13,103,Sony Pictures,Original Screenplay,Comedy,Contemporary Fiction,Betty Thomas,30,5.8,17937
1081,28 Days Later...,45064915,82719885,,15000000,2003-06-27,R,113,Fox Searchlight,Original Screenplay,Horror,Science Fiction,Danny Boyle,89,7.6,103525
1082,28 Weeks Later,28638916,64238440,24422887,15000000,2007-05-11,R,91,20th Century Fox,Original Screenplay,Horror,Science Fiction,,,7.1,69558
1086,2 For the Money,22991379,27848418,,20000000,2005-10-07,R,123,Universal,Original Screenplay,Drama,Contemporary Fiction,D.J. Caruso,,,
1087,Secondhand Lions,42023715,47855342,,30000000,2003-09-19,PG,111,New Line,Original Screenplay,Drama,Historical Fiction,,60,7.5,19040
1097,The 40 Year-old Virgin,109449237,177339049,,26000000,2005-08-19,R,111,Universal,Original Screenplay,Comedy,Contemporary Fiction,Judd Apatow,,7.5,94557
1098,Four Brothers,74494381,92494381,,30000000,2005-08-12,R,109,Paramount Pictures,Original Screenplay,Drama,Contemporary Fiction,John Singleton,52,6.8,38311
1110,8 Mile,116724075,242924075,,41000000,2002-11-08,R,110,Universal,Original Screenplay,Drama,Contemporary Fiction,Curtis Hanson,74,6.7,55877
1115,The Whole Nine Yards,57262492,85262492,,24000000,2000-02-18,R,99,Warner Bros.,Original Screenplay,Comedy,Contemporary Fiction,,45,6.6,42928
1117,A Bug's Life,162798565,363109485,,45000000,1998-11-20,G,96,Walt Disney Pictures,Original Screenplay,Adventure,Fantasy,John Lasseter,91,7.3,56866
1127,A Good Year,7459300,42064105,7342760,35000000,2006-11-10,PG-13,118,20th Century Fox,Based on Book/Short Story,Drama,Contemporary Fiction,Ridley Scott,24,6.8,23149
1128,Agora,599903,32912303,,70000000,2010-05-28,R,141,Newmarket Films,Original Screenplay,Drama,Historical Fiction,,,7.3,10054
1129,Air Bud,24646936,27555061,,3000000,1997-08-01,PG,97,Walt Disney Pictures,Original Screenplay,Comedy,Kids Fiction,Charles Martin Smith,45,4.6,4698
1132,All the King's Men,7221458,9521458,,55000000,2006-09-22,PG-13,128,Sony Pictures,Based on Book/Short Story,Drama,Historical Fiction,Steven Zaillian,11,6.0,11994
1134,All About the Benjamins,25482931,25873145,,14000000,2002-03-08,R,95,New Line,Original Screenplay,Comedy,Contemporary Fiction,Kevin Bray,29,5.3,4366
1136,Sweet Home Alabama,127214072,163379330,,38000000,2002-09-27,PG-13,109,Walt Disney Pictures,Original Screenplay,Comedy,Contemporary Fiction,Andy Tennant,37,5.8,29891
1137,Fat Albert,48114556,48563556,,45000000,2004-12-25,PG,93,20th Century Fox,Based on TV,Comedy,Contemporary Fiction,Joel Zwick,21,4.0,4801
1141,Ali,58183966,84383966,,109000000,2001-12-25,R,159,Sony Pictures,Based on Real Life Events,Drama,Dramatization,Michael Mann,67,6.6,31785
1146,Almost Famous,32522352,47371191,,60000000,2000-09-15,R,123,Dreamworks SKG,Original Screenplay,Comedy,Dramatization,Cameron Crowe,88,8.0,94424
1147,Evan Almighty,100289690,173219280,38038256,175000000,2007-06-22,PG,78,Universal,Original Screenplay,Comedy,Fantasy,Tom Shadyac,23,5.5,43164
1148,Bruce Almighty,242704995,485004995,,81000000,2003-05-23,PG-13,101,Universal,Original Screenplay,Comedy,Fantasy,Tom Shadyac,48,6.6,92494
1150,Alone in the Dark,5178569,8178569,,20000000,2005-01-28,R,96,Lionsgate,Based on Game,Horror,Fantasy,Uwe Boll,1,2.3,26028
1154,Alatriste,0,22860477,,28000000,2007-12-31,,135,,Based on Book/Short Story,Adventure,Historical Fiction,,,5.9,4944
1155,Alvin and the Chipmunks,217326974,360578644,137516182,55000000,2007-12-14,PG,92,20th Century Fox,Based on TV,Comedy,Kids Fiction,Tim Hill,27,5.5,19200
1157,Alexander,34297191,167297191,,155000000,2004-11-24,R,175,Warner Bros.,Based on Real Life Events,Adventure,Dramatization,Oliver Stone,16,5.4,59498
1159,American Beauty,130058047,356258047,,15000000,1999-09-15,R,118,Dreamworks SKG,Original Screenplay,Drama,Contemporary Fiction,Sam Mendes,89,8.6,292562
1160,An American Carol,7013191,7013191,,20000000,2008-10-03,PG-13,84,Vivendi Entertainment,Original Screenplay,Comedy,Fantasy,David Zucker,12,4.5,6000
1163,Le Fabuleux destin d'AmÈlie Poulain,33201661,174201661,,10350000,2001-11-02,R,122,Miramax,Original Screenplay,Comedy,Contemporary Fiction,Jean-Pierre Jeunet,,8.5,181085
1165,American Gangster,130164645,265697825,72653959,100000000,2007-11-02,R,157,Universal,Based on Real Life Events,Drama,Dramatization,Ridley Scott,79,7.9,114060
1167,Amistad,44212592,44212592,,40000000,1997-12-12,R,152,Dreamworks SKG,Based on Real Life Events,Drama,Dramatization,Steven Spielberg,77,7.1,28477
1170,American Pie 2,145096820,286500000,,30000000,2001-08-10,R,105,Universal,Original Screenplay,Comedy,Contemporary Fiction,,52,6.2,66751
1171,American Wedding,104354205,126425115,,55000000,2003-08-01,R,96,Universal,Original Screenplay,Comedy,Contemporary Fiction,,56,6.1,52210
1172,American Pie,101800948,234800000,,12000000,1999-07-09,R,95,Universal,Original Screenplay,Comedy,Contemporary Fiction,Paul Weitz,59,6.9,106624
1176,The Amityville Horror,65233369,108047131,,18500000,2005-04-15,R,89,MGM,Remake,Horror,Historical Fiction,,24,5.8,26303
1177,Anacondas: The Hunt for the Blood Orchid,31526393,70326393,,25000000,2004-08-27,PG-13,97,Sony Pictures,Original Screenplay,Horror,Contemporary Fiction,Dwight H. Little,,4.3,9565
1178,Anaconda,65598907,136998907,,45000000,1997-04-11,PG-13,89,Sony Pictures,Original Screenplay,Horror,Contemporary Fiction,,38,4.2,29430
1180,Anchorman: The Legend of Ron Burgundy,84136909,89366354,,25000000,2004-07-09,PG-13,104,Dreamworks SKG,Original Screenplay,Comedy,Historical Fiction,Adam McKay,,7.0,78249
1183,Angel Eyes,24044532,24044532,,38000000,2001-05-18,R,103,Warner Bros.,Original Screenplay,Drama,Contemporary Fiction,,32,5.5,11089
1184,Anger Management,135560942,195660942,,56000000,2003-04-11,PG-13,106,Sony Pictures,Original Screenplay,Comedy,Contemporary Fiction,Peter Segal,43,6.1,57088
1185,A Night at the Roxbury,30331165,30331165,,17000000,1998-10-02,PG-13,81,Paramount Pictures,Based on TV,Comedy,Contemporary Fiction,,11,5.7,23259
1186,The Animal,55762229,55762229,,22000000,2001-06-01,PG-13,83,Sony Pictures,Original Screenplay,Comedy,Contemporary Fiction,Luke Greenfield,30,4.6,18601
1187,Anna and the King,39251128,39251128,,75000000,1999-12-17,PG-13,147,20th Century Fox,Based on Book/Short Story,Drama,Dramatization,Andy Tennant,51,6.5,14881
1188,Analyze That,32122249,54994757,,60000000,2002-12-06,R,96,Warner Bros.,Original Screenplay,Comedy,Contemporary Fiction,Harold Ramis,27,5.6,24090
1189,Analyze This,106885658,176885658,,30000000,1999-03-05,R,103,Warner Bros.,Original Screenplay,Comedy,Contemporary Fiction,Harold Ramis,68,6.6,52894
1193,Antz,90757863,152457863,,60000000,1998-10-02,PG,83,Dreamworks SKG,Original Screenplay,Adventure,Kids Fiction,Tim Johnson,95,6.8,37343
1194,Anywhere But Here,18653615,18653615,,23000000,1999-11-12,PG-13,114,20th Century Fox,Based on Book/Short Story,Drama,Contemporary Fiction,Wayne Wang,64,5.9,8514
1196,Apocalypto,50866635,117785051,43318599,40000000,2006-12-08,R,136,Walt Disney Pictures,Original Screenplay,Adventure,Historical Fiction,Mel Gibson,64,7.9,82162
1198,The Apostle,20733485,21277770,,5000000,1997-12-17,PG-13,148,October Films,Original Screenplay,Drama,Contemporary Fiction,Robert Duvall,91,7.1,7757
1203,Armageddon,201578182,554600000,,140000000,1998-07-01,PG-13,150,Walt Disney Pictures,Original Screenplay,Adventure,Contemporary Fiction,Michael Bay,42,6.1,194
1206,King Arthur,51877963,203877963,,90000000,2004-07-07,PG-13,126,Walt Disney Pictures,Traditional/Legend/Fairytale,Adventure,Historical Fiction,Antoine Fuqua,31,6.2,53106
1207,Arthur et les Minimoys,15132763,110102340,13012362,80000000,2006-12-15,PG,122,Weinstein Co.,Based on Book/Short Story,Adventure,Fantasy,Luc Besson,,5.9,7626
1208,Artificial Intelligence: AI,78616689,235900000,,90000000,2001-06-29,PG-13,146,Warner Bros.,Based on Book/Short Story,Drama,Science Fiction,Steven Spielberg,,6.9,91901
1210,Astro Boy,19551067,44093014,7166365,65000000,2009-10-23,PG,94,Summit Entertainment,Based on Comic/Graphic Novel,Adventure,Super Hero,David Bowers,,6.4,5265
1212,The Astronaut Farmer,11003643,11003643,13774930,13000000,2007-02-23,PG,109,Warner Bros.,Original Screenplay,Drama,Contemporary Fiction,Michael Polish,,6.4,10506
1215,A Simple Plan,16316273,16316273,,17000000,1998-12-11,R,121,Paramount Pictures,Based on Book/Short Story,Drama,Contemporary Fiction,Sam Raimi,90,7.6,29095
1219,At First Sight,22365133,22365133,,40000000,1999-01-15,PG-13,128,MGM,Original Screenplay,Drama,Contemporary Fiction,,33,5.6,6872
1222,Atlantis: The Lost Empire,84052762,186049020,,90000000,2001-06-08,PG,96,Walt Disney Pictures,Based on Book/Short Story,Adventure,Kids Fiction,Gary Trousdale,,6.4,15552
1223,Hearts in Atlantis,24185781,30885781,,31000000,2001-09-28,PG-13,101,Warner Bros.,Based on Book/Short Story,Drama,Fantasy,,49,6.8,16336
1224,Autumn in New York,37752931,90717684,,40000000,2000-08-11,PG-13,106,MGM,Original Screenplay,Drama,Contemporary Fiction,Joan Chen,21,4.8,9309
1225,Atonement,50980159,129425746,15678677,30000000,2007-12-07,R,130,Focus Features,Based on Book/Short Story,Drama,Contemporary Fiction,Joe Wright,83,7.9,75491
1227,August Rush,31664162,65627510,22082092,25000000,2007-11-17,PG,113,Warner Bros.,Based on Real Life Events,Drama,Fantasy,,37,7.5,28650
1229,Austin Powers: The Spy Who Shagged Me,206040085,309600000,,35000000,1999-06-10,PG-13,95,New Line,Original Screenplay,Comedy,Historical Fiction,Jay Roach,,6.6,81005
1230,Austin Powers in Goldmember,213117789,292738626,,63000000,2002-07-25,PG-13,94,New Line,Original Screenplay,Comedy,Science Fiction,Jay Roach,54,6.2,69140
1231,Austin Powers: International Man of Mystery,53883989,67683989,,18000000,1997-05-02,PG-13,89,New Line,Original Screenplay,Comedy,Contemporary Fiction,Jay Roach,,7.1,74487
1236,The Aviator,102608827,214608827,,110000000,2004-12-17,PG-13,170,Miramax,Based on Real Life Events,Drama,Dramatization,Martin Scorsese,88,7.6,85740
1237,AVP: Alien Vs. Predator,80281096,172543519,,70000000,2004-08-13,PG-13,101,20th Century Fox,Spin-Off,Horror,Science Fiction,Paul Anderson,,5.4,63019
1238,Around the World in 80 Days,24004159,72004159,,110000000,2004-06-16,PG,120,Walt Disney Pictures,Remake,Adventure,Historical Fiction,Frank Coraci,30,5.6,21516
1241,Away We Go,9451946,10108016,3788940,21000000,2009-06-05,R,98,Focus Features,Original Screenplay,Comedy,Contemporary Fiction,Sam Mendes,66,7.3,14929
1243,Babe: Pig in the City,18319860,69131860,,80000000,1998-11-25,G,75,Universal,Based on Book/Short Story,Adventure,Kids Fiction,George Miller,61,6.1,9918
1248,Baby Geniuses,27151490,27151490,,13000000,1999-03-12,PG,94,Sony Pictures,Original Screenplay,Comedy,Kids Fiction,,2,2.2,9038
1259,The Banger Sisters,30306281,38067218,,10000000,2002-09-20,R,98,20th Century Fox,Original Screenplay,Comedy,Contemporary Fiction,,47,5.5,7435
1269,Baby Boy,28734552,28734552,,16000000,2001-06-27,R,130,Sony Pictures,Original Screenplay,Drama,Contemporary Fiction,John Singleton,69,6.1,4485
1270,The Curious Case of Benjamin Button,127509326,329809326,42850598,160000000,2008-12-25,PG-13,167,Paramount Pictures,Based on Book/Short Story,Drama,Fantasy,David Fincher,72,8.0,137120
1271,Baby Mama,60494212,64391484,24304275,,2008-04-25,PG-13,99,Universal,Original Screenplay,Comedy,Contemporary Fiction,,63,6.1,16128
1275,Be Cool,55849401,94849401,,75000000,2005-03-04,PG-13,115,MGM,Based on Book/Short Story,Comedy,Contemporary Fiction,F. Gary Gray,30,5.6,32082
1276,Big Daddy,163479795,234779795,,30000000,1999-06-25,PG-13,95,Sony Pictures,Original Screenplay,Comedy,Contemporary Fiction,Dennis Dugan,40,4.7,48
1277,Bedazzled,37879996,90376224,,48000000,2000-10-20,PG-13,93,20th Century Fox,Remake,Comedy,Contemporary Fiction,Harold Ramis,49,5.9,30946
1280,Mr. Bean's Holiday,33302167,229736344,28248145,25000000,2007-08-24,G,88,Universal,Based on TV,Comedy,Contemporary Fiction,,50,6.0,28950
1282,Beavis and Butt-head Do America,63118386,63118386,,12000000,1996-12-20,PG-13,80,Paramount Pictures,Based on TV,Comedy,Contemporary Fiction,Mike Judge,71,6.6,22918
1283,Bend it Like Beckham,32543449,76583333,,5000000,2003-03-12,PG-13,112,Fox Searchlight,Original Screenplay,Drama,Contemporary Fiction,Gurinder Chadha,,6.9,41052
1284,In the Bedroom,35930604,43430604,,1700000,2001-11-23,R,130,Miramax,Based on Book/Short Story,Drama,Contemporary Fiction,Todd Field,93,7.5,20888
1285,Bee Movie,126631277,287594577,79628881,150000000,2007-11-02,PG,90,Paramount Pictures,Original Screenplay,Comedy,Kids Fiction,Steve Hickner,51,6.3,30575
1290,Beloved,22852487,22852487,,53000000,1998-10-16,R,172,Walt Disney Pictures,Based on Book/Short Story,Drama,Historical Fiction,Jonathan Demme,77,5.3,102
1294,The Last Airbender,131591957,290191957,,150000000,2010-07-01,,103,Paramount Pictures,Based on TV,Adventure,Fantasy,M. Night Shyamalan,7,4.4,16600
1295,Beowulf,82195215,194995215,35961910,150000000,2007-11-16,PG-13,115,Paramount Pictures,Based on Book/Short Story,Adventure,Fantasy,Robert Zemeckis,70,6.6,62513
1299,Big Fat Liar,47811275,52375275,,15000000,2002-02-08,PG,88,Universal,Original Screenplay,Comedy,Contemporary Fiction,Shawn Levy,43,5.2,9877
1300,Big Fish,66432867,123432867,,70000000,2003-12-10,PG-13,125,Sony Pictures,Based on Book/Short Story,Drama,Fantasy,Tim Burton,77,8.1,141099
1304,The Big Lebowski,17498804,46189568,,15000000,1998-03-06,R,127,Gramercy,Original Screenplay,Comedy,Contemporary Fiction,Joel Coen,78,8.2,177960
1305,Big Momma's House,117559438,173559438,,33000000,2000-06-02,PG-13,98,20th Century Fox,Original Screenplay,Comedy,Contemporary Fiction,Raja Gosnell,30,4.7,21318
1310,Billy Elliot,21995263,109280263,,5000000,2000-10-13,PG-13,110,Focus Features,Original Screenplay,Drama,Contemporary Fiction,Stephen Daldry,85,7.7,38403
1311,Bicentennial Man,58220776,87420776,,90000000,1999-12-17,PG,132,Walt Disney Pictures,Based on Book/Short Story,Drama,Science Fiction,Chris Columbus,38,6.4,28827
1318,The Blair Witch Project,140539099,248300000,,600000,1999-07-14,R,87,Artisan,Original Screenplay,Horror,Contemporary Fiction,,85,6.2,87629
1319,Blast from the Past,26613620,26613620,,35000000,1999-02-12,PG-13,111,New Line,Original Screenplay,Comedy,Contemporary Fiction,Hugh Wilson,60,6.4,23243
1322,Blades of Glory,118594548,145594548,49219041,61000000,2007-03-30,PG-13,94,Paramount Pictures,Original Screenplay,Comedy,Contemporary Fiction,,69,6.5,51929
1326,Black Christmas,16235738,16235738,28729107,9000000,2006-12-25,R,90,MGM,Remake,Horror,Contemporary Fiction,,15,4.3,10424
1327,Black Snake Moan,9396870,9396870,12540785,15000000,2007-03-02,R,115,Paramount Vantage,Original Screenplay,Drama,Contemporary Fiction,,66,7.1,28145
1330,"Legally Blonde 2: Red, White & Blonde",90639088,125339088,,25000000,2003-07-02,PG,95,MGM,Original Screenplay,Comedy,Contemporary Fiction,,,,
1331,Legally Blonde,96493426,141743426,,18000000,2001-07-13,PG-13,97,MGM,Original Screenplay,Comedy,Contemporary Fiction,Robert Luketic,67,6.2,44128
1333,Blow,52990775,83282296,,30000000,2001-04-06,R,123,New Line,Based on Book/Short Story,Drama,Dramatization,Ted Demme,54,7.4,70218
1335,Blue Crush,40118420,51327420,,30000000,2002-08-16,PG-13,105,Universal,Based on Magazine Article,Drama,Contemporary Fiction,,62,5.5,11699
1337,A Beautiful Mind,170708996,316708996,,78000000,2001-12-21,PG-13,135,Universal,Based on Magazine Article,Drama,Dramatization,Ron Howard,78,8.0,126067
1342,Bandits,41523271,71523271,,75000000,2001-10-12,PG-13,123,MGM,Original Screenplay,Comedy,Contemporary Fiction,Barry Levinson,63,6.5,30732
1343,Bobby,11242801,20597806,12345494,14000000,2006-11-17,R,120,MGM,Based on Real Life Events,Drama,Dramatization,Emilio Estevez,46,7.1,23262
1351,Boogie Nights,26410771,43111725,,15000000,1997-10-10,R,152,New Line,Original Screenplay,Drama,Historical Fiction,Paul Thomas Anderson,92,7.9,70962
1352,Borat,128505958,261572744,62661576,18000000,2006-11-03,R,83,20th Century Fox,Based on TV,Comedy,Contemporary Fiction,Larry Charles,,7.7,3612
1356,The Borrowers,22619589,54045832,,29000000,1998-02-13,PG,83,Polygram,Based on Book/Short Story,Comedy,Fantasy,Peter Hewitt,,5.6,4340
1358,Bounce,36779296,53399300,,35000000,2000-11-17,PG-13,106,Miramax,Original Screenplay,Drama,Contemporary Fiction,,51,5.5,10702
1361,The Boy in the Striped Pyjamas,9030581,39830581,9647546,12500000,2008-11-07,PG-13,94,Miramax,Based on Book/Short Story,Drama,Historical Fiction,,,7.8,21683
1363,Heartbreakers,40334024,57753825,,38000000,2001-03-23,PG-13,124,MGM,Original Screenplay,Comedy,Contemporary Fiction,,52,6.2,20962
1373,Brokeback Mountain,83043761,180343761,31338042,13900000,2005-12-09,R,134,Focus Features,Based on Book/Short Story,Drama,Historical Fiction,Ang Lee,87,7.8,115951
1378,Brooklyn Rules,458232,458232,,8000000,2007-05-18,R,99,Lionsgate,Original Screenplay,Drama,Historical Fiction,,,6.4,2797
1381,The Brothers,27457409,27958191,,6000000,2001-03-23,R,102,Sony Pictures,Original Screenplay,Comedy,Contemporary Fiction,,63,2.8,153
1387,Barbershop 2: Back in Business,65070412,65842412,,18000000,2004-02-06,PG-13,106,MGM,Original Screenplay,Comedy,Contemporary Fiction,,,5.5,4848
1388,Barbershop,75781642,77081642,,12000000,2002-09-13,PG-13,103,MGM,Original Screenplay,Comedy,Contemporary Fiction,Tim Story,82,6.2,11164
1389,Best in Show,18621249,20695413,,6000000,2000-09-27,PG-13,90,Warner Bros.,Original Screenplay,Comedy,Contemporary Fiction,Christopher Guest,94,7.4,24484
1390,Bad Santa,60060328,60063017,,18000000,2003-11-26,R,91,Miramax/Dimension,Original Screenplay,Comedy,Contemporary Fiction,Terry Zwigoff,77,7.3,45022
1394,"O Brother, Where Art Thou",45506619,65976782,,26000000,2000-12-22,PG-13,102,Walt Disney Pictures,Traditional/Legend/Fairytale,Comedy,Historical Fiction,Joel Coen,,,
1402,Bulworth,26528684,29203383,,30000000,1998-05-15,R,107,20th Century Fox,Original Screenplay,Comedy,Contemporary Fiction,Warren Beatty,75,6.8,15486
1403,W.,25534493,28575778,7871296,25100000,2008-10-17,PG-13,131,Lionsgate,Based on Real Life Events,Drama,Dramatization,Oliver Stone,60,,
1404,Bowfinger,66458769,98699769,,55000000,1999-08-13,PG-13,96,Universal,Original Screenplay,Comedy,Contemporary Fiction,Frank Oz,79,6.4,33389
1405,Bewitched,63313159,131413159,,80000000,2005-06-24,PG-13,100,Sony Pictures,Based on TV,Comedy,Fantasy,Nora Ephron,24,4.8,26834
1406,Barnyard: The Original Party Animals,72779000,116618084,65043181,51000000,2006-08-04,PG,90,Paramount Pictures,Original Screenplay,Comedy,Kids Fiction,Steve Oedekerk,23,,
1410,Cadillac Records,8138000,8138000,10049741,12000000,2008-12-05,R,108,Sony Pictures,Based on Real Life Events,Drama,Dramatization,,67,6.7,5026
1411,Can't Hardly Wait,25358996,25358996,,10000000,1998-06-12,PG-13,98,Sony Pictures,Original Screenplay,Comedy,Contemporary Fiction,,44,6.2,19470
1415,The Rage: Carrie 2,17760244,17760244,,21000000,1999-03-12,R,101,MGM,Based on Book/Short Story,Horror,Contemporary Fiction,,16,4.3,7235
1417,Cast Away,233632142,427230516,,85000000,2000-12-22,PG-13,144,20th Century Fox,Original Screenplay,Drama,Contemporary Fiction,Robert Zemeckis,89,7.5,102936
1418,Catch Me if You Can,164606800,351106800,,52000000,2002-12-25,PG-13,141,Dreamworks SKG,Based on Book/Short Story,Drama,Dramatization,Steven Spielberg,96,5.7,224
1419,The Cat in the Hat,101018283,133818283,,109000000,2003-11-21,PG,82,Universal,Based on Book/Short Story,Comedy,Fantasy,,,3.4,15318
1425,The Corpse Bride,53359111,117359111,,30000000,2005-09-16,PG,77,Warner Bros.,Traditional/Legend/Fairytale,Adventure,Fantasy,Tim Burton,,,
1429,Crocodile Dundee in Los Angeles,25590119,39393111,,25000000,2001-04-20,PG,95,Paramount Pictures,Original Screenplay,Adventure,Contemporary Fiction,Simon Wincer,12,4.6,7082
1433,City of Ember,7871693,11817059,6086988,38000000,2008-10-10,PG,94,20th Century Fox,Based on Book/Short Story,Adventure,Fantasy,Gil Kenan,53,6.4,14905
1434,Charlie and the Chocolate Factory,206459076,474459076,,150000000,2005-07-15,PG,115,Warner Bros.,Remake,Comedy,Kids Fiction,Tim Burton,82,7.1,102437
1437,Charlie's Angels,125305545,263200000,,90000000,2000-11-03,PG-13,98,Sony Pictures,Based on TV,Adventure,Contemporary Fiction,Joseph McGinty Nichol,67,5.5,60791
1440,Chicken Little,135386665,314432738,142108745,60000000,2005-11-04,G,80,Walt Disney Pictures,Original Screenplay,Adventure,Kids Fiction,Mark Dindal,36,5.8,17415
1441,Chicken Run,106793915,227793915,,42000000,2000-06-21,G,84,Dreamworks SKG,Original Screenplay,Adventure,Kids Fiction,Nick Park,96,7.3,48307
1442,Cheaper by the Dozen,138614544,189714544,,40000000,2003-12-25,PG,98,20th Century Fox,Remake,Comedy,Contemporary Fiction,Shawn Levy,24,5.6,24283
1443,Cheaper by the Dozen 2,82571173,135015330,26537982,60000000,2005-12-21,PG,94,20th Century Fox,Remake,Comedy,Contemporary Fiction,Adam Shankman,7,5.2,11858
1446,Bride of Chucky,32404188,50692188,,25000000,1998-10-16,R,89,Universal,Original Screenplay,Horror,Fantasy,Ronny Yu,43,5.3,13735
1450,Love in the Time of Cholera,4617608,31077418,,45000000,2007-11-16,R,139,New Line,Based on Book/Short Story,Drama,Historical Fiction,Mike Newell,27,6.2,8580
1451,Chocolat,71309760,152500343,,25000000,2000-12-15,PG-13,122,Miramax,Based on Book/Short Story,Drama,Historical Fiction,Lasse Hallstrom,62,7.3,56176
1457,Charlotte's Web,82985708,143985708,83571732,82500000,2006-12-15,G,98,Paramount Pictures,Based on Book/Short Story,Drama,Fantasy,Gary Winick,78,6.7,8028
1458,Cinderella Man,61649911,108539911,,88000000,2005-06-03,PG-13,144,Universal,Based on Real Life Events,Drama,Dramatization,Ron Howard,80,8.0,63111
1460,City of Angels,78750909,198750909,,55000000,1998-04-10,PG-13,117,Warner Bros.,Remake,Drama,Fantasy,Brad Silberling,59,6.4,40053
1461,A Civil Action,56709981,56709981,,60000000,1998-12-25,PG-13,112,Walt Disney Pictures,Based on Book/Short Story,Drama,Contemporary Fiction,Steven Zaillian,61,6.4,14244
1465,The Santa Clause 2,139225854,172825854,,65000000,2002-11-01,G,104,Walt Disney Pictures,Original Screenplay,Comedy,Kids Fiction,Michael Lembeck,,5.5,9061
1466,Cold Mountain,95632614,161632614,,80000000,2003-12-25,R,152,Miramax,Based on Book/Short Story,Drama,Historical Fiction,Anthony Minghella,70,7.3,51083
1469,Code Name: The Cleaner,8135024,8135024,4492233,20000000,2007-01-05,PG-13,91,New Line,Original Screenplay,Comedy,Contemporary Fiction,Les Mayfield,4,4.0,5277
1471,Closer,33987757,115987757,,35000000,2004-12-03,R,104,Sony Pictures,Based on Play,Drama,Contemporary Fiction,Mike Nichols,68,2.9,212
1481,Coach Carter,67264877,76669806,,45000000,2005-01-14,PG-13,136,Paramount Pictures,Original Screenplay,Drama,Contemporary Fiction,,65,7.1,23526
1485,Agent Cody Banks 2: Destination London,23514247,28703083,,26000000,2004-03-12,PG,100,MGM,Original Screenplay,Comedy,Kids Fiction,,,4.1,4063
1486,Agent Cody Banks,47545060,58240458,,25000000,2003-03-14,PG,102,MGM,Original Screenplay,Comedy,Kids Fiction,,38,5.1,9527
1488,College,4694491,5629618,,6000000,2008-08-29,R,94,MGM,Original Screenplay,Comedy,Contemporary Fiction,,5,4.3,6496
1494,Contact,100920329,165900000,,90000000,1997-07-11,PG,150,Warner Bros.,Based on Book/Short Story,Drama,Science Fiction,Robert Zemeckis,67,7.3,73684
1496,Copying Beethoven,355968,355968,,11000000,2006-11-10,PG-13,104,MGM,Based on Real Life Events,Drama,Dramatization,,,6.8,5017
1497,Corky Romano,23978402,23978402,,11000000,2001-10-12,PG-13,86,Walt Disney Pictures,Original Screenplay,Comedy,Contemporary Fiction,,5,4.2,6739
1498,Coraline,75286229,124062750,46101073,60000000,2009-02-06,PG,100,Focus Features,Based on Book/Short Story,Adventure,Kids Fiction,,89,7.8,38464
1499,Confessions of a Teenage Drama Queen,29331068,33051296,,15000000,2004-02-20,PG,89,Walt Disney Pictures,Based on Book/Short Story,Comedy,Contemporary Fiction,,13,4.3,9976
1501,Cop Land,44906632,63706632,,15000000,1997-08-15,R,105,Miramax,Original Screenplay,Drama,Contemporary Fiction,James Mangold,71,6.9,35192
1502,Couples Retreat,109205660,172450423,34715888,60000000,2009-10-09,PG-13,113,Universal,Original Screenplay,Comedy,Contemporary Fiction,Peter Billingsley,12,5.5,18332
1509,Cradle 2 the Grave,34657731,56434942,,25000000,2003-02-28,R,101,Warner Bros.,Original Screenplay,Horror,Contemporary Fiction,Andrzej Bartkowiak,26,5.4,14834
1510,Crocodile Hunter: Collision Course,28436931,33436931,,12500000,2002-07-12,PG,90,MGM,Based on TV,Comedy,Contemporary Fiction,,,,
1514,Crash,54557348,98387109,,6500000,2005-05-06,R,107,Lionsgate,Original Screenplay,Drama,Contemporary Fiction,Paul Haggis,75,6.1,20886
1516,Crossroads,37188667,57000000,,12000000,2002-02-15,PG-13,93,Paramount Pictures,Original Screenplay,Drama,Contemporary Fiction,,14,6.6,4894
1517,The Count of Monte Cristo,54228104,54228104,,40000000,2002-01-25,PG-13,131,Walt Disney Pictures,Based on Book/Short Story,Drama,Historical Fiction,Kevin Reynolds,74,7.6,40605
1518,Cruel Intentions,38230075,75803716,,11000000,1999-03-05,R,95,Sony Pictures,Based on Book/Short Story,Drama,Contemporary Fiction,Roger Kumble,47,6.7,66861
1524,Clockstoppers,36985501,38788828,,26000000,2002-03-29,PG,94,Paramount Pictures,Original Screenplay,Adventure,Science Fiction,Jonathan Frakes,28,5.0,6392
1526,Cats & Dogs,93375151,200700000,,60000000,2001-07-04,PG,91,Warner Bros.,Original Screenplay,Comedy,Contemporary Fiction,,53,5.2,16912
1527,The City of Your Final Destination,493296,493296,,8300000,2010-04-16,PG-13,114,Hyde Park Films,Based on Book/Short Story,Drama,Contemporary Fiction,James Ivory,40,6.6,430
1532,Coyote Ugly,60786269,115786269,,45000000,2000-08-04,PG-13,101,Walt Disney Pictures,Based on Real Life Events,Drama,Contemporary Fiction,,21,5.3,33808
1536,Cloudy with a Chance of Meatballs,124870275,139525862,42574228,100000000,2009-09-18,PG,90,Sony Pictures,Based on Book/Short Story,Comedy,Kids Fiction,Phil Lord,86,7.2,19913
1539,Daddy Day Camp,13235267,18197398,5405521,76000000,2007-08-08,PG,85,Sony Pictures,Original Screenplay,Comedy,Contemporary Fiction,,1,2.4,6809
1540,Daddy Day Care,104148781,164285587,,60000000,2003-05-09,PG,92,Sony Pictures,Original Screenplay,Comedy,Contemporary Fiction,Steve Carr,28,5.5,14944
1542,Diary of a Mad Black Woman,50406346,50425450,,5500000,2005-02-25,PG-13,116,Lionsgate,Based on Play,Drama,Contemporary Fiction,,16,4.9,5565
1543,Dance Flick,25662155,32092761,,25000000,2009-05-22,PG-13,83,Paramount Pictures,Original Screenplay,Comedy,Contemporary Fiction,Damien Wayans,17,3.4,5002
1553,Dawn of the Dead,58990765,102290765,,28000000,2004-03-19,R,100,Universal,Remake,Horror,Science Fiction,Zack Snyder,76,7.4,73875
1556,The Great Debaters,30226144,30226144,24133037,15000000,2007-12-25,PG-13,130,Weinstein Co.,Based on Real Life Events,Drama,Dramatization,Denzel Washington,79,7.6,14530
1560,Drive Me Crazy,17843379,22591451,,8000000,1999-10-01,PG-13,91,20th Century Fox,Based on Book/Short Story,Comedy,Contemporary Fiction,John Schultz,26,5.1,6968
1568,Mr. Deeds,126293452,171269535,,50000000,2002-06-28,PG-13,96,Sony Pictures,Based on Book/Short Story,Comedy,Contemporary Fiction,,22,5.5,39756
1574,Delgo,915840,915840,,40000000,2008-12-12,PG,88,Freestyle Releasing,Original Screenplay,Adventure,Kids Fiction,,12,4.4,1177
1575,Despicable Me,244885070,333572855,,69000000,2010-07-09,PG,95,Universal,,Comedy,,,80,7.7,10529
1577,Deuce Bigalow: Male Gigolo,65535067,92935067,,18000000,1999-12-10,R,88,Walt Disney Pictures,Original Screenplay,Comedy,Contemporary Fiction,,23,5.6,25397
1579,Darkness Falls,32539681,32539681,,7000000,2003-01-24,PG-13,86,Sony Pictures,Original Screenplay,Horror,Fantasy,,8,4.6,12771
1582,Dragonfly,30063805,30063805,,60000000,2002-02-22,PG-13,104,Universal,Original Screenplay,Drama,Fantasy,Tom Shadyac,7,5.8,14098
1590,Disaster Movie,14190901,34690901,9859088,20000000,2008-08-29,PG-13,88,Lionsgate,Original Screenplay,Comedy,Contemporary Fiction,Jason Friedberg,2,1.7000000000000002,34928
1603,Dinosaur,137748063,356148063,,127500000,2000-05-19,PG,82,Walt Disney Pictures,Original Screenplay,Adventure,Kids Fiction,,65,6.2,13962
1606,Dogma,30651422,43948865,,10000000,1999-11-12,R,135,Lionsgate,Original Screenplay,Comedy,Contemporary Fiction,Kevin Smith,68,7.3,100476
1609,Donnie Brasco,41954997,55954997,,35000000,1997-02-28,R,121,Sony Pictures,Based on Real Life Events,Drama,Dramatization,Mike Newell,87,7.7,65462
1612,Doug's 1st Movie,19421271,19421271,,5000000,1999-03-26,G,77,Walt Disney Pictures,Based on TV,Adventure,Kids Fiction,,,4.8,920
1615,Deep Impact,140464664,349464664,,80000000,1998-05-08,PG-13,120,Paramount Pictures,Original Screenplay,Adventure,Science Fiction,Mimi Leder,47,6.0,54160
1616,The Departed,133311000,290539042,140689412,90000000,2006-10-06,R,152,Warner Bros.,Remake,Drama,Contemporary Fiction,Martin Scorsese,93,8.5,264148
1617,Dracula 2000,33000377,33000377,,28000000,2000-12-22,R,99,Miramax,Original Screenplay,Horror,Contemporary Fiction,,15,4.8,14077
1619,Drag Me To Hell,42100625,85724728,13123388,30000000,2009-05-29,PG-13,99,Universal,Original Screenplay,Horror,Fantasy,Sam Raimi,92,7.1,51343
1620,"Crouching Tiger, Hidden Dragon",128067808,213200000,,15000000,2000-12-08,PG-13,120,Sony Pictures Classics,Based on Book/Short Story,Drama,Historical Fiction,Ang Lee,,,
1622,Doctor Dolittle 2,112950721,176101721,,72000000,2001-06-22,PG,87,20th Century Fox,Remake,Comedy,Kids Fiction,Steve Carr,,6.0,2993
1623,Doctor Dolittle,144156605,294156605,,71500000,1998-06-26,PG-13,85,20th Century Fox,Remake,Comedy,Kids Fiction,Betty Thomas,,5.2,25648
1630,Dreamcatcher,33685268,75685268,,68000000,2003-03-21,R,136,Warner Bros.,Based on Book/Short Story,Drama,Science Fiction,Lawrence Kasdan,30,5.3,34141
1634,Drumline,56398162,56398162,,20000000,2002-12-13,PG-13,118,20th Century Fox,Original Screenplay,Comedy,Contemporary Fiction,,81,5.2,18165
1639,The Master of Disguise,40363530,40363530,,16000000,2002-08-02,PG,80,Sony Pictures,Original Screenplay,Comedy,Kids Fiction,,2,3.0,10050
1643,Death at a Funeral,8580428,34743644,,20000000,2007-08-17,R,90,MGM,Original Screenplay,Comedy,Contemporary Fiction,Frank Oz,61,5.1,6628
1648,The Dukes of Hazzard,80270227,110570227,,53000000,2005-08-05,PG-13,105,Warner Bros.,Based on TV,Comedy,Contemporary Fiction,Jay Chandrasekhar,13,4.7,27016
1650,Dumb and Dumberer: When Harry Met Lloyd,26214846,26214846,,30000000,2003-06-13,PG-13,85,New Line,Original Screenplay,Comedy,Contemporary Fiction,,10,3.3,14813
1655,Devil's Advocate,61007424,153007424,,57000000,1997-10-17,R,144,Warner Bros.,Based on Book/Short Story,Drama,Contemporary Fiction,Taylor Hackford,,,
1659,Down to Earth,64172251,71172251,,30000000,2001-02-16,PG-13,87,Paramount Pictures,Remake,Comedy,Fantasy,Paul Weitz,19,5.0,9193
1665,EDtv,22508689,35319689,,60000000,1999-03-26,PG-13,122,Universal,Original Screenplay,Comedy,Contemporary Fiction,Ron Howard,62,6.0,21734
1674,Elf,173398518,220443451,,32000000,2003-11-07,PG,95,New Line,Original Screenplay,Comedy,Kids Fiction,Jon Favreau,84,6.8,42123
1675,Elizabeth,30082699,82150642,,25000000,1998-11-06,R,124,Gramercy,Based on Real Life Events,Drama,Dramatization,Shekhar Kapur,81,7.6,33773
1676,Ella Enchanted,22913677,22913677,,35000000,2004-04-09,PG,96,Miramax,Based on Book/Short Story,Comedy,Fantasy,,49,6.3,12020
1682,Employee of the Month,28444855,38117718,21177885,10000000,2006-10-06,PG-13,103,Lionsgate,Original Screenplay,Comedy,Contemporary Fiction,,20,5.4,17845
1683,The Emperor's New Groove,89296573,169296573,,100000000,2000-12-15,G,78,Walt Disney Pictures,Original Screenplay,Adventure,Kids Fiction,Mark Dindal,85,7.4,23355
1688,Enemy at the Gates,51396781,96971293,,85000000,2001-03-16,R,131,Paramount Pictures,Based on Real Life Events,Drama,Historical Fiction,Jean-Jacques Annaud,53,7.4,59916
1693,Epic Movie,39739367,86858578,16839362,20000000,2007-01-26,PG-13,86,20th Century Fox,Original Screenplay,Comedy,Contemporary Fiction,Jason Friedberg,2,2.2,48975
1694,Eragon,75030163,249488115,87700229,100000000,2006-12-15,PG,102,20th Century Fox,Based on Book/Short Story,Adventure,Fantasy,,16,5.0,43555
1695,Erin Brockovich,125548685,258400000,,50000000,2000-03-17,R,133,Universal,Based on Real Life Events,Drama,Dramatization,Steven Soderbergh,83,7.2,54977
1696,Elizabethtown,26850426,50719373,15854391,54000000,2005-10-14,PG-13,133,Paramount Pictures,Original Screenplay,Drama,Contemporary Fiction,Cameron Crowe,28,6.4,31775
1697,Eat Pray Love,78146373,81846373,,60000000,2010-08-13,R,143,Sony Pictures,Based on Magazine Article,Drama,Contemporary Fiction,,37,4.7,3019
1698,Eternal Sunshine of the Spotless Mind,34366518,47066518,,20000000,2004-03-19,R,108,Focus Features,Based on Book/Short Story,Comedy,Fantasy,Michel Gondry,93,8.5,219986
1702,Eve's Bayou,14843425,14843425,,5000000,1997-11-07,R,109,Trimark,Original Screenplay,Drama,Historical Fiction,Kasi Lemmons,80,7.0,4509
1703,Event Horizon,26673242,26673242,,60000000,1997-08-15,R,95,Paramount Pictures,Original Screenplay,Horror,Science Fiction,Paul Anderson,21,6.3,44671
1704,Ever After: A Cinderella Story,65705772,65705772,,26000000,1998-07-31,PG,122,20th Century Fox,Traditional/Legend/Fairytale,Drama,Historical Fiction,Andy Tennant,,,
1706,Evolution,38311134,98341932,,80000000,2001-06-08,PG-13,102,Dreamworks SKG,Original Screenplay,Comedy,Contemporary Fiction,Ivan Reitman,42,5.9,39590
1711,Exorcist: The Beginning,41814863,43957541,,78000000,2004-08-20,R,114,Warner Bros.,Based on Book/Short Story,Horror,Historical Fiction,Renny Harlin,,5.0,15901
1712,The Express,9793406,9808102,6580715,37500000,2008-10-04,PG,129,Universal,Based on Book/Short Story,Drama,Dramatization,,61,7.1,4749
1716,Eyes Wide Shut,55691208,86257553,,65000000,1999-07-16,R,159,Warner Bros.,Based on Book/Short Story,Drama,Contemporary Fiction,Stanley Kubrick,78,7.2,93880
1717,The Faculty,40283321,40283321,,15000000,1998-12-25,R,102,Miramax,Original Screenplay,Horror,Contemporary Fiction,Robert Rodriguez,51,6.3,36139
1721,The Family Stone,60062868,91762868,23961409,18000000,2005-12-16,PG-13,103,20th Century Fox,Original Screenplay,Comedy,Contemporary Fiction,,52,6.3,24434
1726,Father's Day,28681080,35681080,,85000000,1997-05-09,PG-13,98,Warner Bros.,Remake,Comedy,Contemporary Fiction,Ivan Reitman,,4.8,6654
1729,Final Destination 2,46896664,89626226,,26000000,2003-01-31,R,90,New Line,Original Screenplay,Horror,Fantasy,David R. Ellis,47,6.4,35737
1737,Bring it On,68353550,90453550,,10000000,2000-08-25,PG-13,99,Universal,Original Screenplay,Comedy,Contemporary Fiction,Peyton Reed,63,5.9,30309
1739,54,16757163,16757163,,13000000,1998-08-28,R,92,Miramax,Original Screenplay,Drama,Dramatization,,13,5.6,15023
1746,Fido,298110,419801,,8000000,2007-06-15,R,93,Lionsgate,Original Screenplay,Horror,Fantasy,,,6.9,11683
1747,Fight Club,37030102,100853753,,65000000,1999-10-15,R,139,20th Century Fox,Based on Book/Short Story,Drama,Contemporary Fiction,David Fincher,81,8.8,382470
1748,Final Fantasy: The Spirits Within,32131830,85131830,,137000000,2001-07-11,PG-13,120,Sony Pictures,Based on Game,Adventure,Science Fiction,,,6.4,36227
1749,Finding Forrester,51768623,80013623,,43000000,2000-12-19,PG-13,137,Sony Pictures,Original Screenplay,Drama,Contemporary Fiction,Gus Van Sant,74,7.2,35966
1755,Final Destination,53302314,112802314,,23000000,2000-03-17,R,98,New Line,Original Screenplay,Horror,Fantasy,James Wong,31,6.8,52618
1759,Flicka,21000147,21893591,49974754,15000000,2006-10-20,PG,94,20th Century Fox,Based on Book/Short Story,Drama,Contemporary Fiction,,54,5.7,2832
1762,Flubber,92993801,177993801,,80000000,1997-11-26,PG,93,Walt Disney Pictures,Remake,Comedy,Kids Fiction,Les Mayfield,17,4.6,18890
1763,Flushed Away,64665672,177665672,71025931,149000000,2006-11-03,PG,85,Paramount Pictures,Original Screenplay,Comedy,Kids Fiction,Sam Fell,72,7.0,21334
1764,Flyboys,13090630,14816379,23631077,60000000,2006-09-22,PG-13,139,MGM,Based on Real Life Events,Drama,Dramatization,Tony Bill,33,6.5,13934
1765,Fly Me To the Moon,14543943,40098231,,25000000,2008-08-15,G,89,Summit Entertainment,Original Screenplay,Adventure,Kids Fiction,,17,4.7,1653
1767,The Family Man,75764085,124715863,,60000000,2000-12-22,PG-13,126,Universal,Original Screenplay,Comedy,Contemporary Fiction,Brett Ratner,52,6.6,34090
1769,Finding Nemo,339714978,867894287,,94000000,2003-05-30,G,100,Walt Disney Pictures,Original Screenplay,Adventure,Kids Fiction,Andrew Stanton,98,8.2,165006
1773,The Fountain,10144010,15461638,8752844,35000000,2006-11-22,PG-13,96,Warner Bros.,Original Screenplay,Drama,Science Fiction,Darren Aronofsky,51,7.4,72562
1779,Freedom Writers,36605602,43090741,20532539,21000000,2007-01-05,PG-13,122,Paramount Pictures,Based on Book/Short Story,Drama,Dramatization,Richard LaGravenese,69,7.5,18065
1780,Next Friday,57176582,59675307,,9500000,2000-01-12,R,98,New Line,Original Screenplay,Comedy,Contemporary Fiction,Steve Carr,21,5.3,10176
1781,Freaky Friday,110222438,160822438,,26000000,2003-08-06,PG,97,Walt Disney Pictures,Remake,Comedy,Contemporary Fiction,Mark Waters,88,6.5,29137
1782,Frequency,44983704,68079671,,31000000,2000-04-28,PG-13,118,New Line,Original Screenplay,Drama,Science Fiction,,69,7.3,35968
1787,Friday After Next,33253609,33526835,,10000000,2002-11-22,R,85,New Line,Original Screenplay,Comedy,Contemporary Fiction,,25,5.3,6742
1788,Frida,25885000,56298474,,12000000,2002-10-25,R,123,Miramax,Based on Real Life Events,Drama,Dramatization,,76,7.3,26243
1789,Friday Night Lights,61255921,61950770,,30000000,2004-10-08,PG-13,117,Universal,Based on Book/Short Story,Drama,Contemporary Fiction,Peter Berg,81,7.2,20868
1793,Fireproof,33451479,33451479,31898934,500000,2008-09-26,PG,122,Samuel Goldwyn Films,Original Screenplay,Drama,Contemporary Fiction,Alex Kendrick,40,5.6,5498
1795,Frost/Nixon,18622031,28144586,6677601,29000000,2008-12-05,R,122,Universal,Based on Play,Drama,Dramatization,Ron Howard,92,7.9,36366
1796,Factory Girl,1661464,1661464,,7000000,2006-12-29,R,90,MGM,Based on Real Life Events,Drama,Dramatization,,19,6.1,8680
1798,The Full Monty,45950122,257938649,,3500000,1997-08-13,R,90,Fox Searchlight,Original Screenplay,Comedy,Contemporary Fiction,Peter Cattaneo,95,7.2,40877
1799,Fun With Dick And Jane,110550000,202250000,29638269,140000000,2005-12-21,PG-13,90,Sony Pictures,Remake,Comedy,Contemporary Fiction,,29,6.3,1788
1801,Fur,223202,2281089,,16800000,2006-11-10,R,121,Picturehouse,Based on Book/Short Story,Drama,Dramatization,,,,
1804,For Your Consideration,5549923,5549923,,12000000,2006-11-17,PG-13,86,Warner Independent,Original Screenplay,Comedy,Contemporary Fiction,Christopher Guest,50,6.2,7780
1806,Gangs of New York,77730500,190400000,,97000000,2002-12-20,R,168,Miramax,Original Screenplay,Drama,Historical Fiction,Martin Scorsese,75,7.4,113378
1807,Garfield,75367693,200802638,,50000000,2004-06-11,PG,80,20th Century Fox,Based on Comic/Graphic Novel,Comedy,Contemporary Fiction,Peter Hewitt,,4.8,19870
1808,Georgia Rule,18882880,20819601,19382312,20000000,2007-05-11,R,111,Universal,Original Screenplay,Drama,Contemporary Fiction,Garry Marshall,17,5.8,10902
1810,"Gone, Baby, Gone",20300218,34619699,11406490,19000000,2007-10-19,R,114,Miramax,Based on Book/Short Story,Drama,Contemporary Fiction,Ben Affleck,,,
1812,Good Boy!,37667746,45312217,,17000000,2003-10-10,PG,87,MGM,Based on Book/Short Story,Comedy,Kids Fiction,,45,5.0,1961
1814,The Good German,1308696,1308696,,32000000,2006-12-15,R,104,Warner Bros.,Based on Book/Short Story,Drama,Historical Fiction,Steven Soderbergh,32,6.1,13007
1821,Gridiron Gang,38432823,41480851,34066576,30000000,2006-09-15,PG-13,126,Sony Pictures,Based on Real Life Events,Drama,Dramatization,Phil Joanou,41,6.8,12400
1823,Ghost Ship,30113491,68349884,,20000000,2002-10-25,R,91,Warner Bros.,Original Screenplay,Horror,Contemporary Fiction,,13,5.3,25891
1830,G.I.Jane,48169156,48169156,,50000000,1997-08-22,R,124,Walt Disney Pictures,Original Screenplay,Drama,Contemporary Fiction,Ridley Scott,,5.5,23807
1832,"Girl, Interrupted",28871190,28871190,,24000000,1999-12-21,R,127,Sony Pictures,Based on Real Life Events,Drama,Dramatization,James Mangold,53,,
1838,The Green Mile,136801374,286601374,,60000000,1999-12-10,R,187,Warner Bros.,Based on Book/Short Story,Drama,Fantasy,Frank Darabont,77,8.4,198916
1842,The General's Daughter,102705852,149705852,,60000000,1999-06-18,R,116,Paramount Pictures,Based on Book/Short Story,Drama,Contemporary Fiction,Simon West,22,6.1,23570
1845,Goal!,4283255,27610873,12616824,33000000,2006-05-12,PG,121,Walt Disney Pictures,Original Screenplay,Drama,Contemporary Fiction,,,6.9,16809
1852,Good Will Hunting,138433435,225933435,,10000000,1987-02-20,R,126,Miramax,Original Screenplay,Drama,Contemporary Fiction,Gus Van Sant,97,8.1,150415
1853,Gosford Park,41300105,41300105,,18000000,2001-12-26,R,137,USA Films,Original Screenplay,Comedy,Historical Fiction,Robert Altman,86,7.3,36648
1855,The Game Plan,90648202,147914546,50113315,22000000,2007-09-22,PG,110,Walt Disney Pictures,Original Screenplay,Comedy,Contemporary Fiction,Andy Fickman,27,6.3,14984
1857,Galaxy Quest,71423726,90523726,,45000000,1999-12-25,PG,104,Dreamworks SKG,Original Screenplay,Comedy,Science Fiction,,89,7.2,52507
1859,Gracie,2956339,3036736,,9000000,2007-06-01,PG-13,98,Picturehouse,Based on Real Life Events,Drama,Dramatization,,59,6.2,2084
1863,Garden State,26782316,32381151,,2500000,2004-07-28,R,109,Fox Searchlight,Original Screenplay,Drama,Contemporary Fiction,Zach Braff,86,7.9,92594
1866,George Of The Jungle,105263257,174463257,,55000000,1997-07-16,PG,91,Walt Disney Pictures,Based on TV,Comedy,Kids Fiction,,54,5.3,19685
1869,How the Grinch Stole Christmas,260044825,345141403,,123000000,2000-11-17,PG,104,Universal,Based on Book/Short Story,Comedy,Kids Fiction,Ron Howard,53,5.7,40310
1870,Grindhouse,25031037,50187789,31070911,53000000,2007-04-06,R,191,Weinstein/Dimension,Original Screenplay,Horror,Fantasy,Robert Rodriguez,,7.9,82770
1872,Wallace & Gromit: The Curse of the Were-Rabbit,56068547,185724838,35069986,30000000,2005-10-05,G,85,Dreamworks SKG,Original Screenplay,Adventure,Kids Fiction,Nick Park,95,7.9,38158
1875,The Grudge 2,39143839,68643839,8293678,20000000,2006-10-13,PG-13,102,Sony Pictures,Remake,Horror,Contemporary Fiction,,10,4.6,16024
1876,The Grudge,110359362,187281115,,10000000,2004-10-22,PG-13,96,Sony Pictures,Remake,Horror,Contemporary Fiction,,39,5.7,43218
1877,Grown Ups,161094625,250294625,,75000000,2010-06-25,PG-13,102,Sony Pictures,Original Screenplay,Comedy,Contemporary Fiction,,9,5.8,13488
1879,Guess Who,68915888,102115888,,35000000,2005-03-25,PG-13,103,Sony Pictures,Remake,Comedy,Contemporary Fiction,,43,5.7,15789
1886,Halloween 2,33392973,38512850,6646073,15000000,2009-08-28,R,105,Weinstein/Dimension,,Horror,Fantasy,Rob Zombie,,4.5,9284
1888,Half Baked,17394881,17394881,,8000000,1998-01-16,R,84,Universal,Original Screenplay,Comedy,Contemporary Fiction,,29,6.3,18791
1897,Harsh Times,3337931,5963961,2638319,2000000,2006-11-10,R,120,MGM,Original Screenplay,Drama,Contemporary Fiction,,48,7.0,26347
1900,The House Bunny,48237389,70237389,15442818,25000000,2008-08-22,PG-13,98,Sony Pictures,Original Screenplay,Comedy,Contemporary Fiction,Fred Wolf,39,5.5,18964
1906,Hoodwinked,51386611,110011106,31171440,17500000,2005-12-16,PG,80,Weinstein Co.,Traditional/Legend/Fairytale,Comedy,Fantasy,,,6.7,20461
1908,Head of State,37788228,38283765,,35200000,2003-03-28,PG-13,95,Dreamworks SKG,Original Screenplay,Comedy,Contemporary Fiction,Chris Rock,30,5.1,8447
1911,He Got Game,21567853,21567853,,25000000,1998-05-01,R,134,Walt Disney Pictures,Original Screenplay,Drama,Contemporary Fiction,Spike Lee,80,6.8,14494
1915,Raising Helen,37485528,43340302,,50000000,2004-05-28,PG-13,119,Walt Disney Pictures,Original Screenplay,Comedy,Contemporary Fiction,Garry Marshall,22,5.7,10526
1921,The Haunting,91188905,180188905,,80000000,1999-07-23,PG-13,114,Dreamworks SKG,Based on Book/Short Story,Horror,Contemporary Fiction,Jan De Bont,17,4.6,31808
1923,High Fidelity,27277055,47881663,,20000000,2000-03-31,R,114,Walt Disney Pictures,Based on Book/Short Story,Comedy,Contemporary Fiction,Stephen Frears,92,7.6,69740
1934,The Hills Have Eyes II,20804166,37466538,30512461,15000000,2007-03-23,R,88,20th Century Fox,Remake,Horror,Fantasy,,,5.0,17948
1936,How to Lose Friends & Alienate People,2775593,12031443,,28000000,2008-10-03,R,109,MGM,Based on Book/Short Story,Comedy,Contemporary Fiction,,36,6.7,25756
1938,Halloween: H2O,55041738,55041738,,17000000,1998-08-05,R,85,Miramax,,Horror,Contemporary Fiction,Steve Miner,,,
1939,Halloween: Resurrection,30259652,37659652,,15000000,2002-07-12,R,89,Miramax/Dimension,,Horror,Contemporary Fiction,Rick Rosenthal,,3.9,13181
1944,Home on the Range,50026353,76482461,,110000000,2004-04-02,PG,94,Walt Disney Pictures,Original Screenplay,Comedy,Kids Fiction,,54,5.4,4772
1946,The Hangover,277322503,465132119,165916727,35000000,2009-06-05,R,99,Warner Bros.,Original Screenplay,Comedy,Contemporary Fiction,Todd Phillips,78,7.9,127634
1947,Hanging Up,36037909,51867723,,40000000,2000-02-18,PG-13,95,Sony Pictures,Original Screenplay,Comedy,Contemporary Fiction,,12,4.3,6098
1949,Holes,67383924,72383924,,20000000,2003-04-18,PG,117,Walt Disney Pictures,Based on Book/Short Story,Drama,Contemporary Fiction,Andrew Davis,77,7.1,19388
1951,Hollow Man,73209340,191200000,,90000000,2000-08-04,R,112,Sony Pictures,Original Screenplay,Horror,Science Fiction,Paul Verhoeven,28,5.5,41499
1954,Honey,30272254,62192232,,18000000,2003-12-05,PG-13,94,Universal,Original Screenplay,Drama,Contemporary Fiction,Bille Woodruff,20,4.6,13026
1957,Hope Floats,60110313,81529000,,30000000,1998-05-29,PG-13,114,20th Century Fox,Original Screenplay,Drama,Contemporary Fiction,Forest Whitaker,23,5.3,9168
1962,Hot Rod,13938332,14334401,24152720,25000000,2007-08-03,PG-13,83,Paramount Pictures,Original Screenplay,Comedy,Contemporary Fiction,,40,6.5,22250
1963,The Hours,41675994,108775994,,25000000,2002-12-27,PG-13,115,Paramount Pictures,Based on Book/Short Story,Drama,Historical Fiction,Stephen Daldry,80,7.6,44618
1965,Bringing Down the House,132675402,164675402,,20000000,2003-03-07,PG-13,105,Walt Disney Pictures,Original Screenplay,Comedy,Contemporary Fiction,Adam Shankman,34,5.4,16242
1968,How High,31155435,31260435,,12000000,2001-12-21,R,93,Universal,Original Screenplay,Comedy,Contemporary Fiction,,27,5.5,14470
1969,Def Jam's How To Be a Player,14010363,14010363,,12000000,1997-08-06,R,93,Gramercy,Original Screenplay,Comedy,Contemporary Fiction,,,,
1970,Harry Potter and the Chamber of Secrets,261987880,878987880,,100000000,2002-11-15,PG,161,Warner Bros.,Based on Book/Short Story,Adventure,Fantasy,Chris Columbus,82,7.2,120063
1971,Harry Potter and the Prisoner of Azkaban,249538952,795538952,,130000000,2004-06-04,PG,141,Warner Bros.,Based on Book/Short Story,Adventure,Fantasy,Alfonso Cuaron,90,7.7,108928
1972,Harry Potter and the Goblet of Fire,290013036,896013036,215701005,150000000,2005-11-18,PG-13,157,Warner Bros.,Based on Book/Short Story,Adventure,Fantasy,Mike Newell,88,7.6,111946
1973,Harry Potter and the Order of the Phoenix,292004738,938468864,220867077,150000000,2007-07-11,PG-13,138,Warner Bros.,Based on Book/Short Story,Adventure,Fantasy,David Yates,78,7.4,104074
1974,Harry Potter and the Half-Blood Prince,301959197,937499905,103574938,250000000,2009-07-15,PG,153,Warner Bros.,Based on Book/Short Story,Adventure,Fantasy,David Yates,83,7.3,73720
1975,Harry Potter and the Sorcerer's Stone,317557891,976457891,,125000000,2001-11-16,PG,152,Warner Bros.,Based on Book/Short Story,Adventure,Fantasy,Chris Columbus,,7.2,132238
1976,Happy Feet,198000317,385000317,203263968,85000000,2006-11-17,PG,108,Warner Bros.,Original Screenplay,Adventure,Kids Fiction,George Miller,74,6.7,42369
1977,Hercules,99112101,250700000,,70000000,1997-06-15,G,92,Walt Disney Pictures,Based on Book/Short Story,Adventure,Historical Fiction,,84,6.8,21902
1978,Hardball,40222729,44102389,,21000000,2001-09-14,PG-13,106,Paramount Pictures,Based on Book/Short Story,Drama,Contemporary Fiction,Brian Robbins,38,4.1,165
1980,The Horse Whisperer,75383563,75383563,,60000000,1998-05-15,PG-13,168,Walt Disney Pictures,Based on Book/Short Story,Drama,Contemporary Fiction,Robert Redford,71,6.3,15831
1985,The Hitchhiker's Guide to the Galaxy,51019112,104019112,,45000000,2005-04-29,PG,103,Walt Disney Pictures,Based on Book/Short Story,Comedy,Science Fiction,,60,6.6,61513
1987,Hot Fuzz,23618786,79197493,33391776,16000000,2007-04-20,R,121,Focus Features,Original Screenplay,Comedy,Contemporary Fiction,Edgar Wright,91,8.0,129779
1992,The Incredible Hulk,134806913,263349257,58503066,137500000,2008-06-13,PG-13,112,Universal,Based on Comic/Graphic Novel,Adventure,Super Hero,Louis Leterrier,66,7.1,82419
1993,The Hunchback of Notre Dame,100138851,325500000,,100000000,1996-06-21,G,86,Walt Disney Pictures,Based on Book/Short Story,Adventure,Historical Fiction,Gary Trousdale,73,6.5,19479
1998,Starsky & Hutch,88200225,170200225,,60000000,2004-03-05,PG-13,101,Warner Bros.,Based on TV,Comedy,Historical Fiction,Todd Phillips,64,6.2,48935
2003,Ice Age: Dawn of the Dinosaurs,196573705,886685941,87544387,90000000,2009-07-01,PG,93,20th Century Fox,Original Screenplay,Adventure,Fantasy,Carlos Saldanha,,7.1,33289
2004,Ice Age,176387405,383257136,,65000000,2002-03-15,PG,81,20th Century Fox,Original Screenplay,Adventure,Kids Fiction,Chris Wedge,77,7.4,75552
2009,An Ideal Husband,18542974,18542974,,10700000,1999-06-18,PG-13,97,Miramax,Based on Play,Comedy,Historical Fiction,,86,6.7,8078
2012,Igor,19528188,26608350,12361783,30000000,2008-09-19,PG,86,MGM,Original Screenplay,Comedy,Kids Fiction,,35,6.0,6614
2016,I Still Know What You Did Last Summer,40020622,40020622,,24000000,1998-11-13,R,101,Sony Pictures,Based on Book/Short Story,Horror,Contemporary Fiction,,8,4.1,23268
2017,I Know What You Did Last Summer,72250091,125250091,,17000000,1997-10-17,R,101,Sony Pictures,Based on Book/Short Story,Horror,Contemporary Fiction,,36,5.4,36807
2019,The Illusionist,39868642,84276175,38200717,16500000,2006-08-18,PG-13,110,Yari Film Group Releasing,Based on Book/Short Story,Drama,Historical Fiction,,74,7.7,92040
2021,The Imaginarium of Doctor Parnassus,7689458,58692979,5387124,30000000,2009-12-25,PG-13,122,Sony Pictures Classics,Original Screenplay,Adventure,Fantasy,Terry Gilliam,64,7.1,33374
2023,Imagine That,16123323,16123323,,55000000,2009-06-12,PG,107,Paramount Pictures,Original Screenplay,Comedy,Contemporary Fiction,Karey Kirkpatrick,38,5.4,3092
2031,Infamous,1151330,2613717,,13000000,2006-10-13,R,118,Warner Independent,Based on Book/Short Story,Drama,Dramatization,,72,7.1,6917
2034,Inkheart,17303424,58051454,8342886,60000000,2009-01-23,PG,105,Warner Bros.,Based on Book/Short Story,Adventure,Fantasy,Iain Softley,40,6.1,14157
2035,In & Out,63826569,83226569,,35000000,1997-09-19,PG-13,92,Paramount Pictures,Original Screenplay,Comedy,Contemporary Fiction,Frank Oz,71,6.1,18773
2036,I Now Pronounce You Chuck and Larry,119725280,185708462,69334335,85000000,2007-07-20,PG-13,115,Universal,Original Screenplay,Comedy,Contemporary Fiction,Dennis Dugan,14,6.1,46347
2038,The Insider,28965197,60265197,,68000000,1999-11-05,R,157,Walt Disney Pictures,Based on Book/Short Story,Drama,Dramatization,Michael Mann,96,8.0,68747
2040,Inspector Gadget,97387965,97387965,,75000000,1999-07-23,PG,77,Walt Disney Pictures,Based on TV,Comedy,Kids Fiction,,21,3.9,13881
2041,Instinct,34105207,34105207,,55000000,1999-06-04,R,123,Walt Disney Pictures,Original Screenplay,Drama,Contemporary Fiction,Jon Turteltaub,27,6.2,15388
2048,The Iron Giant,23159305,31333917,,50000000,1999-08-04,PG,86,Warner Bros.,Based on Book/Short Story,Adventure,Kids Fiction,Brad Bird,97,7.9,38791
2053,The Italian Job,106126012,175826012,,60000000,2003-05-30,PG-13,111,Paramount Pictures,Remake,Adventure,Contemporary Fiction,F. Gary Gray,73,6.9,76835
2055,Jack Frost,34645374,34645374,,50000000,1998-12-11,PG,95,Warner Bros.,Original Screenplay,Comedy,Fantasy,,15,4.6,6932
2056,Jackie Brown,39673162,72673162,,12000000,1997-12-25,R,154,Miramax,Based on Book/Short Story,Drama,Contemporary Fiction,Quentin Tarantino,85,7.6,84068
2060,Jarhead,62647540,96947540,52209103,72000000,2005-11-04,R,115,Universal,Based on Book/Short Story,Drama,Dramatization,Sam Mendes,61,7.2,60650
2068,Jackass: The Movie,64282312,75466905,,5000000,2002-10-25,R,92,Paramount Pictures,Based on TV,Comedy,Contemporary Fiction,,,6.3,27454
2069,Journey to the Center of the Earth,101704370,240904370,26253886,45000000,2008-07-11,PG,92,Warner Bros.,Based on Book/Short Story,Adventure,Science Fiction,,,5.9,23756
2070,Joe Dirt,27087695,30987695,,16000000,2001-04-11,PG-13,91,Sony Pictures,Original Screenplay,Comedy,Contemporary Fiction,Dennie Gordon,11,5.4,18666
2072,Jeepers Creepers,37904175,55026845,,10000000,2001-08-31,R,91,MGM,Original Screenplay,Horror,Contemporary Fiction,,45,5.7,30610
2073,Johnny English,28013509,160323929,,45000000,2003-07-18,PG,87,Universal,Original Screenplay,Comedy,Contemporary Fiction,,33,5.8,29246
2074,Jeepers Creepers II,35623801,35623801,,25000000,2003-08-29,R,104,MGM,Original Screenplay,Horror,Fantasy,,,5.3,15975
2076,Johnson Family Vacation,31203964,31462753,,12000000,2004-04-07,PG-13,97,Fox Searchlight,Original Screenplay,Comedy,Contemporary Fiction,,6,3.8,3278
2077,Jersey Girl,25266129,37066129,,35000000,2004-03-26,PG-13,102,Miramax,Original Screenplay,Comedy,Contemporary Fiction,Kevin Smith,40,6.2,27370
2084,The Jungle Book 2,47901582,135703599,,20000000,2003-02-14,G,72,Walt Disney Pictures,Based on Book/Short Story,Adventure,Historical Fiction,,19,5.2,2740
2085,Joe Somebody,22770864,24515990,,38000000,2001-12-21,PG,98,20th Century Fox,Original Screenplay,Comedy,Contemporary Fiction,John Pasquin,19,5.3,5313
2087,John Q,71026631,102226631,,36000000,2002-02-15,PG-13,116,New Line,Original Screenplay,Drama,Contemporary Fiction,Nick Cassavetes,22,6.6,32338
2088,Jonah: A VeggieTales Movie,25571351,25606175,,14000000,2002-10-04,G,82,Artisan,Based on Short Film,Adventure,Kids Fiction,,,6.3,1704
2093,Jay and Silent Bob Strike Back,30059386,33762400,,22000000,2001-08-24,R,104,Miramax/Dimension,Spin-Off,Comedy,Contemporary Fiction,Kevin Smith,53,6.8,62692
2099,Juno,143495265,230327671,57612374,7000000,2007-12-05,PG-13,95,Fox Searchlight,Original Screenplay,Comedy,Contemporary Fiction,Jason Reitman,93,7.9,149855
2104,Freddy vs. Jason,82622655,114326122,,25000000,2003-08-15,R,97,New Line,Spin-Off,Horror,Contemporary Fiction,Ronny Yu,41,5.8,39182
2108,Kangaroo Jack,66723216,90723216,,60000000,2003-01-17,PG,89,Warner Bros.,Original Screenplay,Comedy,Kids Fiction,,,4.1,9994
2113,The Karate Kid,176591618,350591618,,40000000,2010-06-11,PG,140,Sony Pictures,Remake,Adventure,Contemporary Fiction,,67,6.1,20039
2115,Kicking and Screaming,52842724,55842724,,45000000,2005-05-13,PG,90,Universal,Original Screenplay,Comedy,Contemporary Fiction,,,6.9,3841
2118,Kingdom Come,23247539,23393939,,7000000,2001-04-11,PG,94,Fox Searchlight,Based on Play,Comedy,Contemporary Fiction,,28,,
2123,King Kong,218080025,550517357,140752353,207000000,2005-12-14,PG-13,187,Universal,Remake,Adventure,Fantasy,Peter Jackson,83,7.6,132720
2127,Black Knight,33422806,33422806,,35000000,2001-11-21,PG-13,96,20th Century Fox,Original Screenplay,Comedy,Kids Fiction,,13,4.3,12747
2131,K-PAX,50315140,50315140,,48000000,2001-10-26,PG-13,121,Universal,Based on Book/Short Story,Drama,Science Fiction,Iain Softley,40,7.3,50475
2132,Christmas with the Kranks,73701902,96501902,,50000000,2004-11-24,PG,98,Sony Pictures,Based on Book/Short Story,Comedy,Contemporary Fiction,,5,4.7,9126
2135,A Knight's Tale,56083966,56083966,,41000000,2001-05-11,PG-13,132,Sony Pictures,Original Screenplay,Adventure,Historical Fiction,,58,6.6,47609
2136,The Kite Runner,15800078,73222245,6563936,20000000,2007-12-14,PG-13,122,Paramount Vantage,Based on Book/Short Story,Drama,Contemporary Fiction,Marc Forster,66,7.8,26816
2139,L.A. Confidential,64604977,110604977,,35000000,1997-09-19,R,137,Warner Bros.,Based on Book/Short Story,Drama,Historical Fiction,Curtis Hanson,99,8.4,165161
2142,The Ladykillers,39692139,77692139,,35000000,2004-03-26,R,104,Walt Disney Pictures,Remake,Comedy,Contemporary Fiction,Joel Coen,54,6.2,39242
2147,Land of the Lost,49438370,69548641,18953806,100000000,2009-06-05,PG-13,101,Universal,Based on TV,Comedy,Fantasy,Brad Silberling,26,5.3,16830
2149,Lars and the Real Girl,5956480,10553442,2560922,12500000,2007-10-12,PG-13,106,MGM,Original Screenplay,Comedy,Contemporary Fiction,,81,7.5,32423
2155,Little Children,5463019,14763019,3657245,14000000,2006-10-06,R,136,New Line,Based on Book/Short Story,Drama,Contemporary Fiction,Todd Field,79,7.8,37162
2156,Save the Last Dance,91038276,131638276,,13000000,2001-01-12,PG-13,113,Paramount Pictures,Original Screenplay,Drama,Contemporary Fiction,,53,5.9,20355
2160,I am Legend,256393010,585055701,129742540,150000000,2007-12-14,PG-13,100,Warner Bros.,Based on Book/Short Story,Horror,Science Fiction,Francis Lawrence,69,7.1,153631
2162,Life Before Her Eyes,303439,303439,,12000000,2008-04-18,R,90,Magnolia Pictures,Based on Book/Short Story,Drama,Contemporary Fiction,,,,
2163,Letters from Iwo Jima,13756082,68756082,13625847,13000000,2006-12-20,R,141,Warner Bros.,Based on Real Life Events,Drama,Historical Fiction,Clint Eastwood,91,8.1,56872
2166,The Hurricane,50699241,73956241,,38000000,1999-12-29,R,125,Universal,Based on Real Life Events,Drama,Dramatization,Norman Jewison,83,7.4,32172
2167,Liar Liar,181410615,302710615,,45000000,1997-03-21,PG-13,87,Universal,Original Screenplay,Comedy,Contemporary Fiction,Tom Shadyac,82,6.7,67798
2172,The Life Aquatic with Steve Zissou,24006726,34806726,,50000000,2004-12-10,R,118,Walt Disney Pictures,Original Screenplay,Comedy,Contemporary Fiction,Wes Anderson,53,7.2,57889
2174,Life,64062587,73521587,,75000000,1999-04-16,R,108,Universal,Original Screenplay,Comedy,Contemporary Fiction,Ted Demme,50,5.3,99
2175,Like Mike,51432423,62432423,,30000000,2002-07-03,PG,99,20th Century Fox,Original Screenplay,Comedy,Kids Fiction,John Schultz,56,4.4,4870
2176,Lilo & Stitch,145771527,245800000,,80000000,2002-06-21,PG,85,Walt Disney Pictures,Original Screenplay,Adventure,Kids Fiction,,,7.1,25611
2180,The Lizzie McGuire Movie,42734455,55534455,,15000000,2003-05-02,PG,94,Walt Disney Pictures,Based on TV,Comedy,Contemporary Fiction,,40,4.7,10199
2183,The Last King of Scotland,17606684,48363516,16836991,6000000,2006-09-27,R,121,Fox Searchlight,Based on Book/Short Story,Drama,Dramatization,Kevin MacDonald,87,7.8,54022
2186,Little Miss Sunshine,59891098,100523181,55501748,8000000,2006-07-26,R,101,Fox Searchlight,Original Screenplay,Comedy,Contemporary Fiction,,91,8.0,151013
2187,In the Land of Women,11052958,14140402,9876018,10500000,2007-04-20,PG-13,98,Warner Bros.,Original Screenplay,Comedy,Contemporary Fiction,,44,6.7,13550
2188,Lions for Lambs,14998070,63211088,9203604,35000000,2007-11-09,R,90,United Artists,Original Screenplay,Drama,Contemporary Fiction,Robert Redford,27,6.2,22264
2194,Lost In Space,69117629,136117629,,80000000,1998-04-03,PG-13,131,New Line,Based on TV,Adventure,Science Fiction,Stephen Hopkins,26,4.8,31611
2197,Love and Basketball,27441122,27709625,,15000000,2000-04-21,PG-13,125,New Line,Original Screenplay,Drama,Historical Fiction,Gina Prince-Bythewood,81,6.7,5835
2201,The Lord of the Rings: The Two Towers,341784377,926284377,,94000000,2002-12-18,PG-13,179,New Line,Based on Book/Short Story,Adventure,Fantasy,Peter Jackson,,8.7,326950
2202,The Lord of the Rings: The Return of the King,377027325,1133027325,,94000000,2003-12-17,PG-13,201,New Line,Based on Book/Short Story,Adventure,Fantasy,Peter Jackson,,8.8,364077
2203,The Lord of the Rings: The Fellowship of the Ring,314776170,868621686,,109000000,2001-12-19,PG-13,178,New Line,Based on Book/Short Story,Adventure,Fantasy,Peter Jackson,,8.8,387438
2207,Lonesome Jim,154187,154187,,500000,2006-03-24,R,91,IFC Films,Original Screenplay,Comedy,Contemporary Fiction,Steve Buscemi,,6.7,4585
2211,The Last Song,62950384,75850384,20035017,20000000,2010-03-31,PG,108,Walt Disney Pictures,Based on Book/Short Story,Drama,Contemporary Fiction,,19,3.9,7210
2213,Lost in Translation,44585453,106454000,,4000000,2003-09-12,R,102,Focus Features,Original Screenplay,Drama,Contemporary Fiction,Sofia Coppola,94,7.9,130998
2223,The Lucky Ones,266967,266967,,14000000,2008-09-26,R,104,Lionsgate,Original Screenplay,Drama,Contemporary Fiction,,36,7.1,4719
2224,Lucky You,5755286,6521829,853973,55000000,2007-05-04,PG-13,122,Warner Bros.,Original Screenplay,Drama,Historical Fiction,Curtis Hanson,28,5.9,9870
2226,Se jie,4604982,65696051,,15000000,2007-09-28,NC-17,156,Focus Features,Based on Book/Short Story,Drama,Historical Fiction,Ang Lee,,7.6,15440
2231,Herbie: Fully Loaded,66010682,144110682,,50000000,2005-06-22,G,95,Walt Disney Pictures,,Comedy,Kids Fiction,Angela Robinson,42,4.7,14178
2232,For Love of the Game,35188640,46112640,,50000000,1999-09-17,PG-13,137,Universal,Based on Book/Short Story,Drama,Contemporary Fiction,Sam Raimi,64,6.2,13612
2237,Love Ranch,134904,134904,,25000000,2010-06-30,R,117,,Based on Real Life Events,Drama,Dramatization,Taylor Hackford,13,5.6,163
2239,"The Chronicles of Narnia: The Lion, the Witch and the Wardrobe",291710957,748806957,352582053,180000000,2005-12-09,PG,140,Walt Disney Pictures,Based on Book/Short Story,Adventure,Fantasy,Andrew Adamson,76,,
2240,The Longest Yard,158119460,190320568,,82000000,2005-05-27,PG-13,113,Paramount Pictures,Remake,Comedy,Contemporary Fiction,Peter Segal,31,6.2,39752
2244,Madagascar,193595521,532680671,,75000000,2005-05-27,PG,83,Dreamworks SKG,Original Screenplay,Adventure,Kids Fiction,Eric Darnell,55,6.6,56480
2247,Jane Austen's Mafia,19843795,30143795,,10000000,1998-07-24,PG-13,83,Walt Disney Pictures,Original Screenplay,Comedy,Contemporary Fiction,Jim Abrahams,,5.0,7706
2248,Paul Blart: Mall Cop,146336178,180449670,53105030,26000000,2009-01-16,PG,91,Sony Pictures,Original Screenplay,Comedy,Contemporary Fiction,Steve Carr,35,5.3,23753
2252,Man on the Moon,34580635,47407635,,52000000,1999-12-22,R,118,Universal,Based on Real Life Events,Drama,Dramatization,Milos Forman,62,7.4,49481
2265,My Best Friend's Girl,19219250,34787111,18449619,20000000,2008-09-19,R,103,Lionsgate,Original Screenplay,Comedy,Contemporary Fiction,Howard Deutch,15,5.8,14617
2268,My Bloody Valentine,51545952,98817028,20831900,14000000,2009-01-16,R,101,Lionsgate,Remake,Horror,Contemporary Fiction,,,5.7,18037
2271,The Martian Child,7500310,9076823,7705880,27000000,2007-11-02,PG,107,New Line,Based on Book/Short Story,Drama,Contemporary Fiction,,,,
2273,Mickey Blue Eyes,33864342,53864342,,40000000,1999-08-20,PG-13,103,Warner Bros.,Original Screenplay,Comedy,Contemporary Fiction,,44,5.7,16646
2275,Master and Commander: The Far Side of the World,93926386,209486484,,135000000,2003-11-14,PG-13,138,20th Century Fox,Based on Book/Short Story,Adventure,Historical Fiction,Peter Weir,85,7.5,63632
2277,Nanny McPhee,47279279,122540909,42041450,25000000,2006-01-27,PG,91,Universal,Based on Book/Short Story,Comedy,Fantasy,,73,6.7,13391
2281,Million Dollar Baby,100492203,216763646,,30000000,2004-12-15,PG-13,132,Warner Bros.,Based on Book/Short Story,Drama,Contemporary Fiction,Clint Eastwood,91,8.2,141212
2284,Mean Girls,86047227,128947227,,18000000,2004-04-30,PG-13,97,Paramount Pictures,Based on Book/Short Story,Comedy,Contemporary Fiction,Mark Waters,83,7.0,63607
2288,Memoirs of a Geisha,57010853,161510853,32837435,85000000,2005-12-09,PG-13,145,Sony Pictures,Based on Book/Short Story,Drama,Historical Fiction,Rob Marshall,36,7.1,38695
2289,Men in Black,250690539,587790539,,90000000,1997-07-01,PG-13,98,Sony Pictures,Based on Comic/Graphic Novel,Adventure,Science Fiction,Barry Sonnenfeld,91,7.0,119704
2290,Men of Honor,48814909,82339483,,32000000,2000-11-10,R,128,20th Century Fox,Based on Real Life Events,Drama,Dramatization,,41,6.8,30630
2291,Memento,25544867,39665950,,5000000,2001-03-16,R,113,Newmarket Films,Based on Book/Short Story,Drama,Contemporary Fiction,Christopher Nolan,,8.7,274524
2295,Message in a Bottle,52880016,52880016,,30000000,1999-02-12,PG-13,132,Warner Bros.,Based on Book/Short Story,Drama,Contemporary Fiction,,31,5.6,13108
2296,Meet Joe Black,44650003,44650003,,85000000,1998-11-13,PG-13,154,Universal,Original Screenplay,Drama,Fantasy,Martin Brest,50,6.9,56067
2299,Magnolia,22450975,48446802,,37000000,1999-12-17,R,188,New Line,Original Screenplay,Drama,Contemporary Fiction,Paul Thomas Anderson,83,8.0,121540
2305,Miss Congeniality 2: Armed and Fabulous,48478006,101382396,,60000000,2005-03-24,PG-13,115,Warner Bros.,Original Screenplay,Comedy,Contemporary Fiction,John Pasquin,,4.7,14297
2308,Miss Congeniality,106807667,212100000,,45000000,2000-12-22,PG-13,110,Warner Bros.,Original Screenplay,Comedy,Contemporary Fiction,Donald Petrie,41,6.1,42323
2310,Mighty Joe Young,50632037,50632037,,80000000,1998-12-25,PG,114,Walt Disney Pictures,Remake,Adventure,Science Fiction,,52,5.4,9187
2311,The Majestic,27796042,37306334,,72000000,2001-12-21,PG,153,Warner Bros.,Original Screenplay,Drama,Historical Fiction,Frank Darabont,41,6.8,24809
2313,Malibu's Most Wanted,34308901,34499204,,15000000,2003-04-18,PG-13,86,Warner Bros.,Based on TV,Comedy,Contemporary Fiction,,30,4.8,8159
2316,Mission to Mars,60874615,106000000,,90000000,2000-03-10,PG,116,Walt Disney Pictures,Original Screenplay,Adventure,Science Fiction,Brian De Palma,24,5.1,32449
2320,Captain Corelli's Mandolin,25528495,62097495,,57000000,2001-08-17,R,129,Miramax,Based on Book/Short Story,Drama,Historical Fiction,John Madden,29,5.7,14706
2322,Midnight in the Garden of Good and Evil,25078937,25078937,,35000000,1997-11-21,R,155,Warner Bros.,Based on Book/Short Story,Drama,Contemporary Fiction,Clint Eastwood,50,6.5,18960
2323,The Man in the Iron Mask,56968169,56968169,,35000000,1998-03-13,PG-13,132,MGM,Based on Book/Short Story,Adventure,Historical Fiction,,31,7.2,561
2324,Monster-in-Law,82931301,155931301,,45000000,2005-05-13,PG-13,95,New Line,Original Screenplay,Comedy,Contemporary Fiction,Robert Luketic,16,5.1,16320
2326,Mona Lisa Smile,63803100,121598309,,65000000,2003-12-19,PG-13,117,Sony Pictures,Original Screenplay,Drama,Historical Fiction,Mike Newell,35,6.1,23657
2327,Monster's Ball,31273922,44873922,,4000000,2001-12-26,R,111,Lionsgate,Original Screenplay,Drama,Contemporary Fiction,Marc Forster,85,7.2,38023
2328,MoliËre,635733,791154,,21600000,2007-07-27,PG-13,120,Sony Pictures Classics,,Comedy,Dramatization,,,7.2,265
2333,Monster,34469210,58003694,,5000000,2003-12-24,R,109,Newmarket Films,Based on Real Life Events,Drama,Dramatization,,82,7.4,39908
2334,"Monsters, Inc.",255870172,526864330,,115000000,2001-11-02,G,95,Walt Disney Pictures,Original Screenplay,Adventure,Kids Fiction,David Silverman,95,7.4,39908
2342,Me and Orson Welles,1190003,1190003,,25000000,2009-11-25,PG-13,107,Freestyle Releasing,Based on Book/Short Story,Drama,Historical Fiction,Richard Linklater,84,7.1,2417
2343,Meet the Fockers,279167575,516567575,,60000000,2004-12-22,PG-13,115,Universal,Original Screenplay,Comedy,Contemporary Fiction,Jay Roach,38,6.4,69613
2344,Meet the Parents,166225040,301500000,,55000000,2000-10-06,PG-13,108,Universal,Original Screenplay,Comedy,Contemporary Fiction,Jay Roach,84,7.0,84924
2346,The Miracle,64378093,64445708,,28000000,2004-02-06,PG,92,Walt Disney Pictures,Based on Real Life Events,Drama,Dramatization,,,6.1,126
2354,Mouse Hunt,61894591,61894591,,38000000,1997-12-19,PG,95,Dreamworks SKG,Original Screenplay,Comedy,Kids Fiction,Gore Verbinski,,6.1,14934
2356,Miss Potter,3005605,35025861,7821056,30000000,2006-12-29,PG,92,MGM,Based on Real Life Events,Drama,Dramatization,Chris Noonan,66,7.1,10236
2362,A Mighty Heart,9176787,18932117,5455645,15000000,2007-06-22,R,100,Paramount Vantage,Based on Book/Short Story,Drama,Dramatization,Michael Winterbottom,78,6.7,13881
2367,Mulan,120620254,303500000,,90000000,1998-06-19,G,88,Walt Disney Pictures,Traditional/Legend/Fairytale,Adventure,Dramatization,,86,7.2,34256
2369,The Mummy,155385488,416385488,,80000000,1999-05-07,PG-13,124,Universal,Remake,Adventure,Fantasy,Stephen Sommers,54,6.8,95658
2370,The Mummy Returns,202007640,433007640,,98000000,2001-05-04,PG-13,129,Universal,Remake,Adventure,Fantasy,Stephen Sommers,47,6.2,68084
2371,The Mummy: Tomb of the Dragon Emperor,102491776,397912118,43147886,175000000,2008-08-01,PG-13,111,Universal,Remake,Adventure,Fantasy,Rob Cohen,13,5.1,41570
2373,Muppets From Space,16304786,16304786,,24000000,1999-07-14,G,88,Sony Pictures,Based on TV,Comedy,Kids Fiction,Tim Hill,62,6.1,5945
2376,Night at the Museum,250863268,574480841,153389976,110000000,2006-12-22,PG,108,20th Century Fox,Based on Book/Short Story,Comedy,Fantasy,Shawn Levy,43,6.4,67133
2377,The Musketeer,27053815,27053815,,40000000,2001-09-07,PG-13,104,Universal,Based on Book/Short Story,Adventure,Historical Fiction,Peter Hyams,10,4.4,7812
2381,Monsters vs. Aliens,198351526,381687380,83851943,175000000,2009-03-27,PG,95,Paramount Pictures,Based on Comic/Graphic Novel,Adventure,Fantasy,Rob Letterman,72,6.8,26582
2384,My Best Friend's Wedding,126813153,287200000,,46000000,1997-06-20,PG-13,105,Sony Pictures,Original Screenplay,Comedy,Contemporary Fiction,P.J. Hogan,72,6.2,37287
2385,"Dude, Where's My Car?",46729374,73180297,,14000000,2000-12-15,PG-13,83,20th Century Fox,Original Screenplay,Comedy,Contemporary Fiction,,19,,
2386,My Dog Skip,34099640,35512760,,7000000,2000-01-12,PG,95,Warner Bros.,Original Screenplay,Drama,Kids Fiction,Jay Russell,72,6.9,9029
2389,My Favorite Martian,36850101,36850101,,60000000,1999-02-12,PG,93,Walt Disney Pictures,Based on TV,Comedy,Science Fiction,Donald Petrie,13,4.5,4918
2390,My Fellow Americans,22331846,22331846,,21500000,1996-12-20,PG-13,102,Warner Bros.,Original Screenplay,Comedy,Contemporary Fiction,Peter Segal,50,6.3,6366
2391,My Sister's Keeper,49200230,89053995,21467223,27500000,2009-06-26,PG-13,108,Warner Bros.,Based on Book/Short Story,Drama,Contemporary Fiction,Nick Cassavetes,48,7.4,13839
2393,The Mystery Men,29762011,29762011,,68000000,1999-08-06,PG,120,Universal,Based on Comic/Graphic Novel,Comedy,Super Hero,,,,
2394,Mystic River,90135191,156835191,,30000000,2003-10-08,R,137,Warner Bros.,Based on Book/Short Story,Drama,Contemporary Fiction,Clint Eastwood,87,8.0,119484
2398,National Treasure,173005002,347405002,,100000000,2004-11-19,PG,131,Walt Disney Pictures,Original Screenplay,Adventure,Contemporary Fiction,Jon Turteltaub,44,6.9,83989
2399,The Nativity Story,37629831,46432264,26142500,35000000,2006-12-01,PG,102,New Line,Based on Book/Short Story,Drama,Dramatization,Catherine Hardwicke,37,6.6,4701
2401,Into the Blue,18782227,41982227,,50000000,2005-09-30,PG-13,109,Sony Pictures,Original Screenplay,Adventure,Contemporary Fiction,,21,5.7,22859
2404,The Incredibles,261441092,632882184,,92000000,2004-11-05,PG,121,Walt Disney Pictures,Original Screenplay,Adventure,Super Hero,Brad Bird,97,8.1,159123
2408,The New Guy,28972187,28972187,,13000000,2002-05-10,PG-13,88,Sony Pictures,Original Screenplay,Comedy,Contemporary Fiction,,7,5.4,14268
2412,In Good Company,45489752,63489752,,26000000,2004-12-29,PG-13,109,Universal,Original Screenplay,Comedy,Contemporary Fiction,Paul Weitz,84,6.8,25695
2414,Little Nicky,39442871,58270391,,80000000,2000-11-10,PG-13,90,New Line,Original Screenplay,Comedy,Fantasy,,21,5.0,35082
2421,Night at the Museum: Battle of the Smithsonian,177243721,413054631,48547729,150000000,2009-05-22,PG,104,20th Century Fox,Based on Book/Short Story,Comedy,Fantasy,Shawn Levy,,5.9,25631
2422,Nick and Norah's Infinite Playlist,31487293,31487293,10327750,10000000,2008-10-03,PG-13,90,Sony Pictures,Based on Book/Short Story,Drama,Contemporary Fiction,Peter Sollett,73,6.8,24021
2428,The Notebook,81001787,102276787,,30000000,2004-06-25,PG-13,123,New Line,Based on Book/Short Story,Drama,Contemporary Fiction,Nick Cassavetes,52,8.0,95850
2432,Napoleon Dynamite,44540956,46140956,,400000,2004-06-11,PG,82,Fox Searchlight,Based on Short Film,Comedy,Contemporary Fiction,Jared Hess,70,6.9,76557
2434,The Namesake,13610521,20180109,9364773,8500000,2007-03-09,PG-13,122,Fox Searchlight,Based on Book/Short Story,Drama,Contemporary Fiction,Mira Nair,,7.5,9700
2442,Jimmy Neutron: Boy Genius,80936232,102992536,,25000000,2001-12-21,G,83,Paramount Pictures,Based on TV,Adventure,Kids Fiction,,,5.9,5379
2443,Nutty Professor II: The Klumps,123307945,161600000,,84000000,2000-07-28,PG-13,107,Universal,Remake,Comedy,Contemporary Fiction,Peter Segal,,4.3,17075
2445,Finding Neverland,51676606,118676606,,25000000,2004-11-12,PG,106,Miramax,Based on Play,Drama,Historical Fiction,Marc Forster,82,7.9,86828
2446,Into the Wild,18354356,53813837,15272435,20000000,2007-09-21,R,147,Paramount Vantage,Based on Book/Short Story,Drama,Contemporary Fiction,Sean Penn,82,8.2,99464
2451,Orange County,41059716,43308707,,18000000,2002-01-11,PG-13,82,Paramount Pictures,Original Screenplay,Comedy,Contemporary Fiction,,47,6.1,23742
2452,Ocean's Eleven,183417150,450728529,,110000000,2001-12-07,PG-13,116,Warner Bros.,Remake,Comedy,Contemporary Fiction,Steven Soderbergh,81,7.6,139034
2453,Ocean's Twelve,125531634,363531634,,85000000,2004-12-10,PG-13,125,Warner Bros.,Remake,Adventure,Contemporary Fiction,Steven Soderbergh,55,6.0,89861
2454,Ocean's Thirteen,117144465,311744465,48258805,85000000,2007-06-08,PG-13,122,Warner Bros.,Remake,Adventure,Contemporary Fiction,Steven Soderbergh,70,6.9,76884
2459,Any Given Sunday,75530832,100230832,,60000000,1999-12-22,R,162,Warner Bros.,Original Screenplay,Drama,Contemporary Fiction,Oliver Stone,49,6.6,48477
2462,One Hour Photo,31597131,52223306,,12000000,2002-08-21,R,96,Fox Searchlight,Original Screenplay,Drama,Contemporary Fiction,,81,7.0,42134
2463,One True Thing,23337196,26708196,,30000000,1998-09-18,R,127,Universal,Based on Book/Short Story,Drama,Contemporary Fiction,Carl Franklin,88,6.9,5591
2466,One Night with the King,13395961,13395961,20554010,20000000,2006-10-13,PG,124,Rocky Mountain Pictures,Based on Book/Short Story,Drama,Historical Fiction,Michael O. Sajbel,16,6.0,2993
2468,Open Season,85105259,189901703,96622855,85000000,2006-09-29,PG,87,Sony Pictures,Original Screenplay,Adventure,Kids Fiction,,47,6.0,52
2476,Old School,75155000,86325829,,24000000,2003-02-21,R,91,Dreamworks SKG,Original Screenplay,Comedy,Contemporary Fiction,Todd Phillips,60,7.0,60477
2481,Outlander,166003,1250617,1757108,50000000,2009-01-23,R,115,Third Rail,Original Screenplay,Adventure,Science Fiction,,,6.4,18299
2482,Out of Sight,37562568,37562568,,48000000,1998-06-26,R,129,Universal,Based on Book/Short Story,Drama,Contemporary Fiction,Steven Soderbergh,93,7.1,38263
2484,The Out-of-Towners,28544120,28544120,,40000000,1999-04-02,PG-13,92,Paramount Pictures,Remake,Comedy,Contemporary Fiction,,24,4.9,6338
2486,The Pacifier,113006880,198006880,,56000000,2005-03-04,PG,97,Walt Disney Pictures,Original Screenplay,Comedy,Contemporary Fiction,Adam Shankman,20,5.3,22590
2488,The Passion of the Christ,370782930,611899420,618454,25000000,2004-02-25,R,127,Newmarket Films,Based on Book/Short Story,Drama,Dramatization,Mel Gibson,50,7.1,87326
2489,Patch Adams,135041968,202200000,,50000000,1998-12-25,PG-13,110,Universal,Based on Real Life Events,Comedy,Contemporary Fiction,Tom Shadyac,24,6.3,31481
2494,The Princess Diaries,108244774,165334774,,30000000,2001-08-03,G,115,Walt Disney Pictures,Based on Book/Short Story,Comedy,Contemporary Fiction,Garry Marshall,46,5.9,23486
2496,Peter Pan,48417850,95255485,,100000000,2003-12-25,PG,113,Universal,Based on Book/Short Story,Adventure,Fantasy,P.J. Hogan,76,7.1,16894
2504,The Pianist,32519322,120000000,,35000000,2002-12-27,R,149,Focus Features,Based on Real Life Events,Drama,Dramatization,Roman Polanski,,8.5,134516
2506,Pirates of the Caribbean: The Curse of the Black Pearl,305411224,655011224,,125000000,2003-07-09,PG-13,143,Walt Disney Pictures,Disney Ride,Adventure,Fantasy,Gore Verbinski,,8.0,232719
2507,Pirates of the Caribbean: Dead Man's Chest,423315812,1065659812,320830925,225000000,2006-07-07,PG-13,151,Walt Disney Pictures,Disney Ride,Adventure,Fantasy,Gore Verbinski,54,7.3,150446
2508,Pirates of the Caribbean: At World's End,309420425,960996492,296060575,300000000,2007-05-25,PG-13,167,Walt Disney Pictures,Disney Ride,Adventure,Fantasy,Gore Verbinski,45,7.0,133241
2509,The Chronicles of Riddick,57712751,107212751,,120000000,2004-06-11,PG-13,119,Universal,Original Screenplay,Adventure,Science Fiction,David Twohy,29,6.4,49383
2510,Pitch Black,39235088,53182088,,23000000,2000-02-18,R,110,USA Films,Original Screenplay,Horror,Science Fiction,David Twohy,55,7.0,55217
2521,Planet of the Apes,180011740,362211740,,100000000,2001-07-27,PG-13,120,20th Century Fox,Remake,Adventure,Science Fiction,Tim Burton,44,5.5,72763
2525,The Players Club,23047939,23047939,,5000000,1998-04-08,R,104,New Line,Original Screenplay,Drama,Contemporary Fiction,,27,4.8,2072
2526,Paranormal Activity,107918810,193770453,14051496,15000,2009-09-25,R,85,Paramount Pictures,Original Screenplay,Horror,Contemporary Fiction,Oren Peli,82,6.7,53455
2532,Pokemon 2000,43746923,133946923,,30000000,2000-07-21,G,99,Warner Bros.,Based on TV,Adventure,Kids Fiction,,,,
2534,The Polar Express,181320597,305420597,,170000000,2004-11-10,G,99,Warner Bros.,Based on Book/Short Story,Adventure,Kids Fiction,Robert Zemeckis,56,6.7,28550
2540,Peter Pan: Return to Neverland,48430258,109862682,,20000000,2002-02-15,G,72,Walt Disney Pictures,Based on Play,Adventure,Kids Fiction,,46,,
2541,Practical Magic,46850558,68336997,,60000000,1998-10-16,PG-13,105,Warner Bros.,Based on Book/Short Story,Comedy,Fantasy,Griffin Dunne,21,5.5,20196
2543,The Boat That Rocked,8017467,37472651,1374953,50000000,2009-11-13,R,134,Focus Features,Original Screenplay,Comedy,Historical Fiction,,,7.5,25415
2545,Primary Colors,39017984,39017984,,65000000,1998-03-20,R,143,Universal,Based on Book/Short Story,Comedy,Dramatization,Mike Nichols,80,6.7,15340
2546,Precious (Based on the Novel Push by Sapphire),47566524,63471431,20130576,10000000,2009-11-06,R,109,Lionsgate,Based on Book/Short Story,Drama,Historical Fiction,Lee Daniels,,7.5,24504
2547,Pride and Glory,15740721,43440721,11495577,30000000,2008-10-24,R,129,Warner Bros.,Original Screenplay,Drama,Contemporary Fiction,,34,6.7,24596
2549,The Road to Perdition,104054514,181054514,,80000000,2002-07-12,R,117,Dreamworks SKG,Based on Comic/Graphic Novel,Drama,Historical Fiction,Sam Mendes,,,
2552,Perfume: The Story of a Murderer,2223293,132180323,7529604,63700000,2006-12-27,R,147,Paramount Pictures,Based on Book/Short Story,Drama,Historical Fiction,Tom Tykwer,58,7.5,51704
2555,The Pursuit of Happyness,162586036,306086036,90857430,55000000,2006-12-15,PG-13,116,Sony Pictures,Based on Real Life Events,Drama,Dramatization,Gabriele Muccino,66,7.8,77939
2556,Primer,424760,565846,,7000,2004-10-08,PG-13,80,ThinkFilm,Original Screenplay,Drama,Science Fiction,,,6.9,17454
2559,The Prince of Egypt,101413188,218600000,,60000000,1998-12-18,PG,97,Dreamworks SKG,Based on Book/Short Story,Adventure,Dramatization,Steve Hickner,79,6.8,24569
2561,Prom Night,43869350,57109687,8497205,18000000,2008-04-11,PG-13,85,Sony/Screen Gems,Remake,Horror,Contemporary Fiction,,8,5.1,4263
2570,Psycho,21541218,37226218,,20000000,1998-12-04,R,100,Universal,Remake,Horror,Contemporary Fiction,Gus Van Sant,35,4.5,19769
2571,The Patriot,113330342,215300000,,110000000,2000-06-28,R,165,Sony Pictures,Original Screenplay,Drama,Historical Fiction,Roland Emmerich,62,6.9,78302
2579,The Painted Veil,8060487,15118795,7574035,19400000,2006-12-20,PG-13,125,Warner Independent,Based on Book/Short Story,Drama,Historical Fiction,,74,7.6,26331
2580,Pay it Forward,33508922,33508922,,40000000,2000-10-20,PG-13,123,Warner Bros.,Based on Book/Short Story,Drama,Contemporary Fiction,Mimi Leder,40,6.8,36762
2581,Queen of the Damned,30307804,30307804,,35000000,2002-02-22,R,101,Warner Bros.,Based on Book/Short Story,Horror,Fantasy,,17,4.7,20268
2585,The Queen,56441711,122840603,29161789,15000000,2006-09-30,PG-13,103,Miramax,Based on Real Life Events,Drama,Dramatization,Stephen Frears,97,7.6,34785
2586,Quest for Camelot,22772500,38172500,,40000000,1998-05-15,G,85,Warner Bros.,Based on Book/Short Story,Adventure,Kids Fiction,,33,5.0,3053
2590,Radio,52333738,53293628,,35000000,2003-10-24,PG,109,Sony Pictures,Based on Real Life Events,Drama,Dramatization,,35,6.9,12070
2591,The Rainmaker,45916769,45916769,,40000000,1997-11-21,PG-13,135,Paramount Pictures,Based on Book/Short Story,Drama,Contemporary Fiction,Francis Ford Coppola,84,6.9,20514
2593,Random Hearts,31054924,63200000,,64000000,1999-10-08,R,133,Sony Pictures,Based on Book/Short Story,Drama,Contemporary Fiction,Sydney Pollack,15,4.8,11100
2594,Rugrats in Paris,76501438,103284813,,30000000,2000-11-17,G,79,Paramount Pictures,Based on TV,Adventure,Kids Fiction,,,,
2595,Rugrats Go Wild,39402572,55443032,,25000000,2003-06-13,PG,84,Paramount Pictures,Based on TV,Adventure,Kids Fiction,,40,5.0,1847
2596,Ratatouille,206445654,620495432,189134287,150000000,2007-06-29,G,111,Walt Disney Pictures,Original Screenplay,Comedy,Fantasy,Brad Bird,96,8.1,131929
2597,Ray,75305995,125305995,,40000000,2004-10-29,PG-13,152,Universal,Based on Real Life Events,Drama,Dramatization,Taylor Hackford,81,,
2601,Robots,128200012,260700012,,80000000,2005-03-11,PG,89,20th Century Fox,Original Screenplay,Adventure,Kids Fiction,Chris Wedge,64,6.4,27361
2604,Racing Stripes,49772522,93772522,,30000000,2005-01-14,PG,110,Warner Bros.,Original Screenplay,Comedy,Kids Fiction,,35,5.2,5086
2605,Rocky Balboa,70269899,155720088,34669384,24000000,2006-12-20,PG,102,MGM,,Drama,Contemporary Fiction,Sylvester Stallone,76,7.4,63717
2606,The Road to El Dorado,50802661,65700000,,95000000,2000-03-31,PG,90,Dreamworks SKG,Original Screenplay,Adventure,Kids Fiction,David Silverman,49,6.4,8876
2609,The Reader,34192652,106107610,12359754,33000000,2008-12-10,R,123,Weinstein Co.,Based on Book/Short Story,Drama,Contemporary Fiction,Stephen Daldry,61,7.7,46984
2610,The Reaping,25126214,62226214,19812272,40000000,2007-04-05,R,100,Warner Bros.,Original Screenplay,Horror,Fantasy,Stephen Hopkins,8,5.6,19881
2612,Recess: School's Out,36696761,44451470,,10000000,2001-02-16,G,83,Walt Disney Pictures,Based on TV,Comedy,Kids Fiction,,62,6.2,2176
2613,Redacted,65388,65388,,5000000,2007-11-16,R,90,Magnolia Pictures,Based on Real Life Events,Drama,Dramatization,Brian De Palma,44,6.1,5759
2615,Reign Over Me,19661987,20081987,16021076,20000000,2007-03-23,R,128,Sony Pictures,Original Screenplay,Drama,Historical Fiction,Mike Binder,63,7.7,39234
2616,The Relic,33956608,33956608,,60000000,1997-01-10,R,110,Paramount Pictures,Based on Book/Short Story,Horror,Science Fiction,Peter Hyams,32,5.4,10249
2621,The Replacements,44737059,50054511,,50000000,2000-08-11,PG-13,118,Warner Bros.,Original Screenplay,Comedy,Contemporary Fiction,Howard Deutch,39,6.2,21542
2623,Resident Evil: Apocalypse,50740078,128940078,,50000000,2004-09-10,R,94,Sony Pictures,Based on Game,Horror,Science Fiction,,,5.8,52753
2626,Resident Evil,40119709,103787401,,35000000,2002-03-15,R,100,Sony Pictures,Based on Game,Horror,Science Fiction,Paul Anderson,34,6.4,68342
2632,Rachel Getting Married,12796277,13326280,6635346,12000000,2008-10-03,R,111,Sony Pictures Classics,Original Screenplay,Drama,Contemporary Fiction,Jonathan Demme,86,6.9,20451
2633,The Rugrats Movie,100494685,140894685,,28000000,1998-11-20,G,79,Paramount Pictures,Based on TV,Adventure,Kids Fiction,,57,5.4,4857
2634,Riding in Cars with Boys,29781453,29781453,,47000000,2001-10-19,PG-13,131,Sony Pictures,Based on Real Life Events,Drama,Dramatization,Penny Marshall,48,6.2,11895
2636,The Ring Two,75941727,161941727,,50000000,2005-03-18,PG-13,111,Dreamworks SKG,Remake,Horror,Contemporary Fiction,,20,5.1,28408
2638,The Adventures of Rocky & Bullwinkle,26000610,35129610,,76000000,2000-06-30,PG,91,Universal,Based on TV,Comedy,Kids Fiction,,42,4.1,10320
2643,Reno 911!: Miami,20342161,20342161,16323972,10000000,2007-02-23,R,81,20th Century Fox,Based on TV,Comedy,Contemporary Fiction,,35,5.8,15684
2644,Rounders,22921898,22921898,,12000000,1998-09-11,R,120,Miramax,Original Screenplay,Drama,Contemporary Fiction,John Dahl,64,7.3,45439
2646,The Rocker,6409528,8767338,7970409,15000000,2008-08-20,PG-13,102,20th Century Fox,Original Screenplay,Comedy,Contemporary Fiction,Peter Cattaneo,40,6.3,11859
2648,The Rookie,75600072,80693537,,22000000,2002-03-29,G,128,Walt Disney Pictures,Original Screenplay,Drama,Contemporary Fiction,,82,5.5,8453
2655,Rat Race,56607223,86607223,,48000000,2001-08-17,PG-13,112,Paramount Pictures,Original Screenplay,Comedy,Contemporary Fiction,Jerry Zucker,43,6.4,40087
2659,Remember the Titans,115654751,136706683,,30000000,2000-09-29,PG,113,Walt Disney Pictures,Based on Real Life Events,Drama,Contemporary Fiction,Boaz Yakin,72,7.5,49844
2661,Road Trip,68525609,119739110,,16000000,2000-05-19,R,94,Dreamworks SKG,Original Screenplay,Comedy,Contemporary Fiction,Todd Phillips,59,6.4,44702
2666,Running With Scissors,6775659,7213629,1877732,12000000,2006-10-20,R,116,Sony Pictures,Based on Book/Short Story,Comedy,Dramatization,,30,6.0,12926
2675,Sahara,68671925,121671925,,145000000,2005-04-08,PG-13,123,Paramount Pictures,Based on Book/Short Story,Adventure,Contemporary Fiction,,39,5.9,30739
2678,I Am Sam,40270895,40270895,,22000000,2001-12-28,PG-13,132,New Line,Original Screenplay,Drama,Contemporary Fiction,,34,7.4,36448
2683,Saw,55185045,103096345,,1200000,2004-10-29,R,100,Lionsgate,Original Screenplay,Horror,Contemporary Fiction,,48,7.7,112785
2684,Saw II,87025093,152925093,44699720,5000000,2005-10-28,R,91,Lionsgate,Original Screenplay,Horror,Contemporary Fiction,Darren Lynn Bousman,36,6.8,76530
2685,Saw III,80238724,163876815,47153811,10000000,2006-10-27,R,107,Lionsgate,Original Screenplay,Horror,Contemporary Fiction,Darren Lynn Bousman,25,6.3,60784
2688,Saw VI,27693292,61259697,8308717,11000000,2009-10-23,R,91,Lionsgate,Original Screenplay,Horror,Contemporary Fiction,Kevin Greutert,42,6.2,18091
2692,Seabiscuit,120277854,148336445,,86000000,2003-07-25,PG-13,141,Universal,Based on Book/Short Story,Drama,Historical Fiction,Gary Ross,77,7.4,31033
2694,Scary Movie 2,71277420,141189101,,45000000,2001-07-04,R,82,Miramax/Dimension,Original Screenplay,Comedy,Contemporary Fiction,Keenen Ivory Wayans,14,4.7,43941
2695,Scary Movie 3,110000082,155200000,,45000000,2003-10-24,PG-13,84,Miramax/Dimension,Original Screenplay,Comedy,Contemporary Fiction,David Zucker,37,5.4,42829
2697,Scooby-Doo 2: Monsters Unleashed,84185387,181185387,,25000000,2004-03-26,PG,93,Warner Bros.,Based on TV,Comedy,Kids Fiction,Raja Gosnell,,4.8,10749
2698,Scooby-Doo,153294164,276294164,,84000000,2002-06-14,PG,86,Warner Bros.,Based on TV,Comedy,Kids Fiction,Raja Gosnell,28,4.7,26018
2699,About Schmidt,65005217,105823486,,30000000,2002-12-13,R,125,New Line,Based on Book/Short Story,Drama,Contemporary Fiction,Alexander Payne,85,7.3,53760
2700,The School of Rock,81261177,131161177,,20000000,2003-10-03,PG-13,108,Paramount Pictures,Original Screenplay,Comedy,Contemporary Fiction,Richard Linklater,,7.2,63188
2701,School for Scoundrels,17807569,17807569,13739501,20000000,2006-09-29,PG-13,101,MGM,Remake,Comedy,Contemporary Fiction,Todd Phillips,26,6.0,15536
2704,Scream,103046663,173046663,,15000000,1996-12-20,R,110,Miramax,Original Screenplay,Horror,Contemporary Fiction,Wes Craven,81,2.9,217
2705,Scream 2,101363301,101363301,,24000000,1997-12-12,R,120,Miramax,Original Screenplay,Horror,Contemporary Fiction,Wes Craven,80,5.9,48196
2706,Scream 3,89138076,161838076,,40000000,2000-02-04,R,118,Miramax,Original Screenplay,Horror,Contemporary Fiction,Wes Craven,38,5.3,38230
2709,Stardust,38634938,135556675,25129402,70000000,2007-08-10,PG-13,128,Paramount Pictures,Based on Book/Short Story,Adventure,Fantasy,Matthew Vaughn,76,7.9,87883
2711,Selena,35450113,35450113,,20000000,1997-03-21,PG,127,Warner Bros.,Based on Real Life Events,Drama,Dramatization,,63,6.3,7996
2714,You Got Served,40066497,48066497,,8000000,2004-01-30,PG-13,95,Sony Pictures,Original Screenplay,Drama,Contemporary Fiction,,16,2.6,17830
2717,Seven Years in Tibet,37945884,131445884,,70000000,1997-10-10,PG-13,139,Sony Pictures,Based on Real Life Events,Drama,Dramatization,Jean-Jacques Annaud,59,6.7,29020
2726,Scary Movie,157019771,277200000,,19000000,2000-07-07,R,88,Miramax/Dimension,Original Screenplay,Comedy,Contemporary Fiction,Keenen Ivory Wayans,53,6.0,68541
2740,Shrek,267655011,484399218,,50000000,2001-05-18,PG,90,Dreamworks SKG,Based on Book/Short Story,Adventure,Kids Fiction,Andrew Adamson,89,8.0,163855
2741,Shrek 2,441226247,919838758,,70000000,2004-05-19,PG,92,Dreamworks SKG,Based on Book/Short Story,Adventure,Kids Fiction,Andrew Adamson,89,7.5,95658
2742,Shrek the Third,322719944,798958162,176400340,160000000,2007-05-18,PG,92,Paramount Pictures,Based on Book/Short Story,Adventure,Kids Fiction,,41,6.1,59778
2743,Shrek Forever After,238395990,729395990,,165000000,2010-05-21,PG,93,Paramount Pictures,Based on Book/Short Story,Adventure,Kids Fiction,,,6.7,12193
2744,Shark Tale,160861908,367275019,,75000000,2004-10-01,PG,90,Dreamworks SKG,Original Screenplay,Adventure,Kids Fiction,Rob Letterman,35,5.9,40019
2747,Showtime,37948765,78948765,,85000000,2002-03-15,PG-13,95,Warner Bros.,Original Screenplay,Comedy,Contemporary Fiction,Tom Dey,24,5.3,22128
2751,Simon Birch,18253415,18253415,,20000000,1998-09-11,PG,110,Walt Disney Pictures,Based on Book/Short Story,Drama,Contemporary Fiction,Mark Steven Johnson,44,6.7,11371
2753,The Simpsons Movie,183135014,527071022,96359085,72500000,2007-07-27,PG-13,86,20th Century Fox,Based on TV,Comedy,Contemporary Fiction,David Silverman,89,7.6,117656
2754,Sinbad: Legend of the Seven Seas,26483452,80767884,,60000000,2003-07-02,PG,86,Dreamworks SKG,Traditional/Legend/Fairytale,Adventure,Kids Fiction,Tim Johnson,,6.6,7895
2761,Sky High,63939454,81627454,,60000000,2005-07-29,PG,102,Walt Disney Pictures,Original Screenplay,Adventure,Super Hero,,73,6.6,20923
2765,Sleepy Hollow,101068340,207068340,,70000000,1999-11-19,R,105,Paramount Pictures,Based on Book/Short Story,Horror,Historical Fiction,Tim Burton,68,7.5,107511
2767,The Secret Life of Bees,37766350,39612166,17077991,11000000,2008-10-17,PG-13,110,Fox Searchlight,Based on Book/Short Story,Drama,Historical Fiction,,57,7.0,7077
2768,Hannibal,165092266,350100280,,87000000,2001-02-09,R,131,MGM,Based on Book/Short Story,Horror,Contemporary Fiction,Ridley Scott,39,6.4,74862
2774,Slumdog Millionaire,141319928,365257315,31952272,14000000,2008-11-12,R,116,Fox Searchlight,Original Screenplay,Drama,Contemporary Fiction,Danny Boyle,94,8.3,176325
2776,Small Soldiers,55143823,71743823,,40000000,1998-07-10,PG-13,110,Dreamworks SKG,Original Screenplay,Comedy,Kids Fiction,Joe Dante,46,5.9,20571
2778,Smokin' Aces,35662731,56047261,35817034,17000000,2007-01-26,R,108,Universal,Original Screenplay,Comedy,Contemporary Fiction,Joe Carnahan,28,6.6,57313
2786,Lemony Snicket's A Series of Unfortunate Events,118627117,201627117,,100000000,2004-12-17,PG,108,Paramount Pictures,Based on Book/Short Story,Comedy,Kids Fiction,Brad Silberling,71,6.9,51614
2791,Shanghai Knights,60470220,60470220,,50000000,2003-02-07,PG-13,114,Walt Disney Pictures,Original Screenplay,Adventure,Historical Fiction,David Dobkin,66,6.2,24893
2793,Snow Dogs,81150692,115010692,,32000000,2002-01-18,PG,99,Walt Disney Pictures,Based on Book/Short Story,Comedy,Kids Fiction,Brian Levant,23,4.9,7561
2797,Snow Day,60008303,62452927,,13000000,2000-02-11,PG,89,Paramount Pictures,Original Screenplay,Comedy,Contemporary Fiction,,26,4.4,4611
2801,The Soloist,31720158,38286958,10310814,60000000,2009-04-24,PG-13,117,Paramount Pictures,Based on Real Life Events,Drama,Dramatization,Joe Wright,,6.7,14257
2805,The Sorcerer's Apprentice,62492818,200092818,,160000000,2010-07-14,PG,110,Walt Disney Pictures,Based on Short Film,Adventure,Fantasy,,42,6.4,9108
2806,Soul Food,43492389,43492389,,7500000,1997-09-26,R,114,20th Century Fox,Original Screenplay,Comedy,Contemporary Fiction,,80,6.4,2636
2808,"South Park: Bigger, Longer & Uncut",52037603,52037603,,21000000,1999-06-30,R,80,Paramount Pictures,Based on TV,Comedy,Contemporary Fiction,Trey Parker,80,,
2809,Space Jam,90463534,250200000,,80000000,1996-11-15,PG,87,Warner Bros.,Original Screenplay,Comedy,Kids Fiction,Joe Pytka,36,5.6,29293
2810,Spanglish,42044321,54344321,,75000000,2004-12-17,PG-13,103,Sony Pictures,Original Screenplay,Comedy,Contemporary Fiction,James L. Brooks,52,6.7,30660
2812,Superbad,121463226,169863226,134555373,17500000,2007-08-17,R,112,Sony Pictures,Original Screenplay,Comedy,Contemporary Fiction,Greg Mottola,87,7.8,134212
2813,SpongeBob SquarePants,85416609,140416609,,30000000,2004-11-19,PG,90,Paramount Pictures,Based on TV,Adventure,Kids Fiction,,,,
2815,Space Cowboys,90454043,128874043,,65000000,2000-08-04,PG-13,130,Warner Bros.,Original Screenplay,Adventure,Science Fiction,Clint Eastwood,79,6.3,29983
2821,Sphere,37068294,50168294,,73000000,1998-02-13,PG-13,132,Warner Bros.,Based on Book/Short Story,Horror,Science Fiction,Barry Levinson,12,5.6,31461
2822,Spiceworld,29342592,56042592,,25000000,1998-01-23,PG,92,Sony Pictures,Musical Group Movie,Comedy,Contemporary Fiction,,,2.9,18010
2823,Spider-Man 2,373524485,783705001,4196484,200000000,2004-06-30,PG-13,127,Sony Pictures,Based on Comic/Graphic Novel,Adventure,Super Hero,Sam Raimi,93,7.7,141940
2824,Spider-Man 3,336530303,890871626,124058348,258000000,2007-05-04,PG-13,139,Sony Pictures,Based on Comic/Graphic Novel,Adventure,Super Hero,Sam Raimi,63,6.4,141513
2825,Spider-Man,403706375,821708551,,139000000,2002-05-03,PG-13,121,Sony Pictures,Based on Comic/Graphic Novel,Adventure,Super Hero,Sam Raimi,89,7.4,167524
2826,Scott Pilgrim vs. The World,31167395,43149143,,85000000,2010-08-13,PG-13,112,Universal,Based on Comic/Graphic Novel,Comedy,Contemporary Fiction,Edgar Wright,81,8.1,17461
2827,See Spot Run,33357476,43057552,,16000000,2001-03-02,PG,97,Warner Bros.,Original Screenplay,Comedy,Kids Fiction,,24,4.9,3673
2828,Superman Returns,200120000,391120000,81580739,232000000,2006-06-28,PG-13,157,Warner Bros.,Based on Comic/Graphic Novel,Adventure,Super Hero,Bryan Singer,76,6.6,102751
2833,Spy Kids 2: The Island of Lost Dreams,85846296,119721296,,38000000,2002-08-07,PG,100,Miramax/Dimension,Original Screenplay,Adventure,Kids Fiction,Robert Rodriguez,75,,
2834,Spy Kids 3-D: Game Over,111760631,167851995,,40000000,2003-07-25,PG,84,Miramax/Dimension,Original Screenplay,Adventure,Kids Fiction,Robert Rodriguez,,4.1,12352
2835,Spy Kids,112692062,197692062,,35000000,2001-03-30,PG,88,Miramax/Dimension,Original Screenplay,Adventure,Kids Fiction,Robert Rodriguez,93,5.7,23479
2841,Superstar,30628981,30628981,,14000000,1999-10-08,PG-13,82,Paramount Pictures,Based on TV,Comedy,Contemporary Fiction,,33,6.0,103
2843,Spirit: Stallion of the Cimarron,73215310,106515310,,80000000,2002-05-24,G,84,Dreamworks SKG,Original Screenplay,Adventure,Kids Fiction,Kelly Asbury,,6.6,8622
2844,Star Wars Ep. II: Attack of the Clones,310676740,656695615,,115000000,2002-05-16,PG,142,20th Century Fox,Original Screenplay,Adventure,Science Fiction,George Lucas,,,
2845,Star Wars Ep. III: Revenge of the Sith,380270577,848998877,,115000000,2005-05-19,PG-13,140,20th Century Fox,Original Screenplay,Adventure,Science Fiction,George Lucas,,,
2848,Stay Alive,23086480,23187506,13333591,20000000,2006-03-24,PG-13,91,Walt Disney Pictures,Original Screenplay,Horror,Contemporary Fiction,,9,4.5,13658
2851,How Stella Got Her Groove Back,37672944,37672944,,20000000,1998-08-14,R,124,20th Century Fox,Based on Book/Short Story,Drama,Contemporary Fiction,,49,5.1,3080
2852,The Stepford Wives,59475623,96221971,,100000000,2004-06-11,PG-13,93,Paramount Pictures,Remake,Comedy,Contemporary Fiction,Frank Oz,26,5.1,26712
2853,Stepmom,91137662,119709917,,50000000,1998-12-25,PG-13,127,Sony/TriStar,Original Screenplay,Drama,Contemporary Fiction,Chris Columbus,43,6.2,18505
2854,Stomp the Yard,61356221,76356221,33252252,14000000,2007-01-12,PG-13,113,Sony/Screen Gems,Original Screenplay,Drama,Contemporary Fiction,,26,4.3,13737
2855,Stranger Than Fiction,40435190,45235190,30936711,30000000,2006-11-10,PG-13,112,Sony Pictures,Original Screenplay,Comedy,Contemporary Fiction,Marc Forster,72,7.8,74218
2857,Stick It,26910736,30399714,27642935,20000000,2006-04-28,PG-13,103,Walt Disney Pictures,Original Screenplay,Comedy,Contemporary Fiction,,31,5.9,9556
2858,Stigmata,50041732,89441732,,32000000,1999-09-10,R,103,MGM,Original Screenplay,Horror,Contemporary Fiction,Rupert Wainwright,22,6.0,29411
2861,Stuart Little,140015224,298800000,,105000000,1999-12-17,PG,92,Sony Pictures,Based on Book/Short Story,Comedy,Kids Fiction,Rob Minkoff,65,5.8,23226
2862,Stuart Little 2,64956806,166000000,,120000000,2002-07-19,PG,78,Sony Pictures,Based on Book/Short Story,Comedy,Kids Fiction,Rob Minkoff,83,5.6,7534
2868,The Perfect Storm,182618434,328711434,,120000000,2000-06-30,PG-13,130,Warner Bros.,Based on Book/Short Story,Drama,Dramatization,Wolfgang Petersen,47,6.2,55716
2872,The Sisterhood of the Traveling Pants 2,44089964,44154645,15266725,27000000,2008-08-06,PG-13,111,Warner Bros.,Based on Book/Short Story,Adventure,Contemporary Fiction,,64,6.2,6557
2874,Step Up,65328121,115328121,51317604,12000000,2006-08-11,PG-13,98,Walt Disney Pictures,Original Screenplay,Drama,Contemporary Fiction,Anne Fletcher,19,6.1,21691
2876,Star Trek: First Contact,92027888,150000000,,46000000,1996-11-22,PG-13,111,Paramount Pictures,Based on TV,Adventure,Science Fiction,Jonathan Frakes,,7.6,45106
2877,Star Trek: Insurrection,70187658,117800000,,70000000,1998-12-11,PG,100,Paramount Pictures,Based on TV,Adventure,Science Fiction,Jonathan Frakes,,6.4,26559
2878,Star Trek: Nemesis,43254409,67312826,,60000000,2002-12-13,PG-13,117,Paramount Pictures,Based on TV,Adventure,Science Fiction,,,6.4,28449
2883,Star Wars Ep. I: The Phantom Menace,431088297,924288297,,115000000,1999-05-19,PG,133,20th Century Fox,Original Screenplay,Adventure,Science Fiction,George Lucas,,,
2884,Stuck On You,33832741,63537164,,55000000,2003-12-12,PG-13,118,20th Century Fox,Original Screenplay,Comedy,Contemporary Fiction,Bobby Farrelly,60,5.9,23196
2889,Surf's Up,58867694,145395745,46260220,100000000,2007-06-08,PG,86,Sony Pictures,Original Screenplay,Adventure,Kids Fiction,,77,7.0,20974
2891,Summer of Sam,19288130,19288130,,22000000,1999-07-02,R,142,Walt Disney Pictures,Based on Real Life Events,Drama,Historical Fiction,Spike Lee,50,6.5,18431
2893,Saving Private Ryan,216335085,481635085,,65000000,1998-07-24,R,169,Dreamworks SKG,Original Screenplay,Drama,Historical Fiction,Steven Spielberg,91,8.5,270540
2895,Sideways,71502303,109705641,,17000000,2004-10-22,R,125,Fox Searchlight,Based on Book/Short Story,Drama,Contemporary Fiction,Alexander Payne,97,7.8,69778
2901,Swimfan,28563926,28563926,,10000000,2002-09-06,PG-13,86,20th Century Fox,Original Screenplay,Drama,Contemporary Fiction,,15,4.6,9577
2902,Sweet November,25288103,65754228,,40000000,2001-02-16,PG-13,120,Warner Bros.,Remake,Drama,Contemporary Fiction,,16,6.0,20891
2903,Sydney White,11892415,12778631,6828112,16500000,2007-09-21,PG-13,107,Universal,Traditional/Legend/Fairytale,Comedy,Contemporary Fiction,,37,6.2,9309
2905,Star Wars: The Clone Wars,35161554,68161554,22831563,8500000,2008-08-15,PG,98,Warner Bros.,Original Screenplay,Adventure,Science Fiction,,19,5.4,17513
2919,The Talented Mr. Ripley,81292135,81292135,,40000000,1999-12-25,R,139,Paramount Pictures,Based on Book/Short Story,Drama,Historical Fiction,Anthony Minghella,82,7.2,63319
2924,Book of Shadows: Blair Witch 2,26421314,47721314,,15000000,2000-10-27,R,90,Artisan,Original Screenplay,Horror,Contemporary Fiction,,,4.0,16122
2926,This Christmas,49121934,49778552,17922664,13000000,2007-11-21,PG-13,118,Sony/Screen Gems,Original Screenplay,Drama,Contemporary Fiction,,55,5.4,3351
2928,The Thomas Crown Affair,69304264,124304264,,48000000,1999-08-06,R,111,MGM,Remake,Drama,Contemporary Fiction,John McTiernan,67,6.7,37692
2929,The Damned United,449865,4054204,,6400000,2009-10-09,R,97,Sony Pictures Classics,Based on Factual Book/Article,Drama,Dramatization,Tom Hooper,94,7.5,7560
2930,The Tale of Despereaux,50877145,88717945,26233404,60000000,2008-12-19,G,93,Universal,Based on Book/Short Story,Adventure,Kids Fiction,Sam Fell,55,6.1,7460
2931,Team America: World Police,32774834,50274834,,20000000,2004-10-15,R,98,Paramount Pictures,Original Screenplay,Comedy,Contemporary Fiction,Trey Parker,,7.3,58763
2932,Tea with Mussolini,14395874,14395874,,14000000,1999-05-14,PG,116,MGM,Based on Real Life Events,Drama,Dramatization,Franco Zeffirelli,67,6.7,5435
2935,Not Another Teen Movie,37882551,62401343,,15000000,2001-12-14,R,89,Sony Pictures,Original Screenplay,Comedy,Contemporary Fiction,,28,5.5,36678
2937,Bridge to Terabithia,82234139,136934139,41383048,25000000,2007-02-16,PG,95,Walt Disney Pictures,Based on Book/Short Story,Drama,Fantasy,,85,7.4,34482
2942,"The Goods: Live Hard, Sell Hard",15122676,15122676,,10000000,2009-08-14,R,89,Paramount Vantage,Original Screenplay,Comedy,Contemporary Fiction,Neal Brennan,26,,
2946,The Beach,39778599,39778599,,50000000,2000-02-11,R,119,20th Century Fox,Based on Book/Short Story,Drama,Contemporary Fiction,Danny Boyle,19,4.5,229
2948,The Wild Thornberrys,40108697,60694737,,25000000,2002-12-20,PG,85,Paramount Pictures,Based on TV,Adventure,Kids Fiction,,,6.7,1104
2952,The Fog,29511112,37048526,,18000000,2005-10-14,PG-13,101,Sony Pictures,Remake,Horror,Contemporary Fiction,Rupert Wainwright,5,3.3,15760
2953,The Thin Red Line,36400491,36400491,,52000000,1998-12-23,R,166,20th Century Fox,Based on Book/Short Story,Drama,Dramatization,Terrence Malick,78,7.5,60966
2954,Thirteen Days,34566746,66554547,,80000000,2000-12-25,PG-13,145,New Line,Based on Real Life Events,Drama,Dramatization,Roger Donaldson,82,7.3,23578
2955,The Kid,69688384,69688384,,65000000,2000-07-07,PG,104,Walt Disney Pictures,Original Screenplay,Comedy,Contemporary Fiction,Jon Turteltaub,49,5.9,14927
2957,House on Haunted Hill,40846082,40846082,,19000000,1999-10-29,R,96,Warner Bros.,Original Screenplay,Horror,Contemporary Fiction,William Malone,25,5.2,22795
2965,The Tigger Movie,4554533,55159800,,20000000,2000-02-11,G,77,Walt Disney Pictures,Spin-Off,Adventure,Kids Fiction,,61,6.0,2986
2969,Titan A.E.,22751979,36751979,,75000000,2000-06-16,PG,95,20th Century Fox,Original Screenplay,Adventure,Science Fiction,Don Bluth,51,6.4,22286
2972,The League of Extraordinary Gentlemen,66465204,179265204,,78000000,2003-07-11,PG-13,110,20th Century Fox,Based on Comic/Graphic Novel,Adventure,Super Hero,Stephen Norrington,17,5.5,50710
2973,The Time Machine,56684819,98983590,,80000000,2002-03-08,PG-13,96,Dreamworks SKG,Based on Book/Short Story,Adventure,Science Fiction,,28,5.6,32465
2975,The Mist,25593755,54777490,29059367,13000000,2007-11-21,R,127,MGM,Based on Book/Short Story,Horror,Science Fiction,Frank Darabont,73,7.4,76830
2979,Lara Croft: Tomb Raider: The Cradle of Life,65653758,156453758,,90000000,2003-07-25,PG-13,117,Paramount Pictures,Based on Game,Adventure,Contemporary Fiction,Jan De Bont,,5.2,32832
2980,Lara Croft: Tomb Raider,131144183,274644183,,94000000,2001-06-15,PG-13,101,Paramount Pictures,Based on Game,Adventure,Contemporary Fiction,Simon West,,5.4,55582
2981,The Day After Tomorrow,186740799,544272402,,125000000,2004-05-28,PG-13,124,20th Century Fox,Original Screenplay,Adventure,Science Fiction,Roland Emmerich,46,6.3,92241
2984,The Others,96522687,209947037,,17000000,2001-08-10,PG-13,104,Miramax,Original Screenplay,Horror,Historical Fiction,,84,7.8,86091
2985,The Town,30980607,33180607,,37000000,2010-09-17,R,123,Warner Bros.,Based on Book/Short Story,Drama,Contemporary Fiction,Ben Affleck,84,8.7,493
2986,Toy Story 2,245852179,484966906,,90000000,1999-11-19,G,92,Walt Disney Pictures,Original Screenplay,Adventure,Kids Fiction,John Lasseter,100,8.0,119357
2987,Toy Story 3,410640665,1046340665,,200000000,2010-06-18,G,102,Walt Disney Pictures,Original Screenplay,Adventure,Kids Fiction,,99,8.9,67380
2989,Treasure Planet,38120554,91800000,,100000000,2002-11-27,PG,96,Walt Disney Pictures,Based on Book/Short Story,Adventure,Kids Fiction,,69,6.6,12099
2990,Traffic,124107476,208300000,,48000000,2000-12-27,R,147,USA Films,Based on TV,Drama,Contemporary Fiction,Steven Soderbergh,91,7.8,85759
2992,Training Day,76261036,104505362,,45000000,2001-10-05,R,122,Warner Bros.,Original Screenplay,Drama,Contemporary Fiction,Antoine Fuqua,72,7.6,82057
2995,The Ring,129094024,249094024,,48000000,2002-10-18,PG-13,115,Dreamworks SKG,Remake,Horror,Contemporary Fiction,Gore Verbinski,71,5.5,589
2998,The Terminal,77073959,218673959,,75000000,2004-06-18,PG-13,128,Dreamworks SKG,Based on Real Life Events,Drama,Dramatization,Steven Spielberg,60,7.1,79803
3003,Tropic Thunder,110461307,188163455,50387300,90000000,2008-08-13,R,106,Paramount Pictures,Original Screenplay,Comedy,Contemporary Fiction,Ben Stiller,83,7.2,104839
3007,The Truman Show,125618201,248400000,,60000000,1998-06-05,PG,102,Paramount Pictures,Original Screenplay,Drama,Contemporary Fiction,Peter Weir,95,8.0,156346
3010,Tarzan,171091819,448191819,,145000000,1999-06-16,G,88,Walt Disney Pictures,Based on Book/Short Story,Adventure,Historical Fiction,Kevin Lima,88,6.9,26871
3025,The Twilight Saga: New Moon,296623634,702623634,162665819,50000000,2009-11-20,PG-13,130,Summit Entertainment,Based on Book/Short Story,Drama,Fantasy,Chris Weitz,28,,
3026,The Twilight Saga: Eclipse,300155447,688155447,,68000000,2010-06-30,PG-13,124,Summit Entertainment,Based on Book/Short Story,Drama,Fantasy,David Slade,51,,
3027,Twilight,192769854,396439854,193591463,37000000,2008-11-21,PG-13,120,Summit Entertainment,Based on Book/Short Story,Drama,Fantasy,Catherine Hardwicke,50,6.1,4840
3030,The Texas Chainsaw Massacre: The Beginning,39517763,50517763,15943146,16000000,2006-10-06,R,90,New Line,Remake,Horror,Historical Fiction,,,5.8,20196
3031,The Texas Chainsaw Massacre,80571655,107071655,,9000000,2003-10-17,R,98,New Line,Remake,Horror,Historical Fiction,,36,6.1,39172
3037,Undercover Brother,38230435,38230435,,25000000,2002-05-31,PG-13,86,Universal,Original Screenplay,Comedy,Contemporary Fiction,Malcolm D. Lee,76,5.7,14237
3039,Dodgeball: A True Underdog Story,114326736,167726736,,30000000,2004-06-18,PG-13,92,20th Century Fox,Original Screenplay,Comedy,Contemporary Fiction,,,6.6,65329
3042,Unaccompanied Minors,16655224,21949214,7060674,25000000,2006-12-08,PG,87,Warner Bros.,Original Screenplay,Comedy,Contemporary Fiction,,,3.7,4133
3051,Unfaithful,52752475,119114494,,50000000,2002-05-08,R,123,20th Century Fox,Remake,Drama,Contemporary Fiction,Adrian Lyne,48,6.6,23998
3056,Up,293004164,731304609,178459329,175000000,2009-05-29,PG,96,Walt Disney Pictures,Original Screenplay,Adventure,Kids Fiction,Pete Docter,98,8.4,110491
3059,Urban Legend,38116707,72571864,,14000000,1998-09-25,R,100,Sony Pictures,Original Screenplay,Horror,Contemporary Fiction,,21,5.2,19113
3060,Urban Legends: Final Cut,21468807,38574362,,15000000,2000-09-22,R,98,Sony Pictures,Original Screenplay,Horror,Contemporary Fiction,,9,3.7,7609
3064,Valentine,20384136,20384136,,10000000,2001-02-02,R,96,Warner Bros.,Based on Book/Short Story,Horror,Contemporary Fiction,,9,4.3,11435
3066,The Legend of Bagger Vance,30695227,39235486,,60000000,2000-11-03,PG-13,126,Dreamworks SKG,Based on Book/Short Story,Drama,Historical Fiction,Robert Redford,43,6.4,21995
3068,In the Valley of Elah,6777741,24489150,3182650,23000000,2007-09-14,R,120,Warner Bros.,Based on Real Life Events,Drama,Dramatization,Paul Haggis,73,7.4,27529
3070,Venus,3347411,4022411,,6000000,2006-12-21,R,95,Miramax,Original Screenplay,Drama,Contemporary Fiction,,89,,
3081,Vampires,20268825,20268825,,20000000,1998-10-30,R,108,Sony Pictures,Based on Book/Short Story,Horror,Fantasy,John Carpenter,33,6.8,54
3086,The Flintstones in Viva Rock Vegas,35231365,59431365,,58000000,2000-04-28,PG,90,Universal,Based on TV,Comedy,Kids Fiction,Brian Levant,24,3.3,5491
3087,Varsity Blues,52894169,54294169,,16000000,1999-01-15,R,104,Paramount Pictures,Original Screenplay,Drama,Contemporary Fiction,Brian Robbins,39,6.0,18066
3091,Wag the Dog,43057470,64252038,,15000000,1997-12-25,R,120,New Line,Based on Book/Short Story,Drama,Contemporary Fiction,Barry Levinson,84,7.0,36092
3093,Waiting...,16124543,16285543,37517657,1125000,2005-10-07,R,93,Lionsgate,Original Screenplay,Comedy,Contemporary Fiction,,30,,
3094,Waking Ned Devine,24793251,55193251,,3000000,1998-11-20,PG,91,20th Century Fox,Original Screenplay,Comedy,Contemporary Fiction,,82,,
3095,WALL-E,223808164,532743103,142201722,180000000,2008-06-27,G,97,Walt Disney Pictures,Original Screenplay,Comedy,Kids Fiction,Andrew Stanton,96,8.5,182257
3104,Winter's Bone,5951693,5951693,,2000000,2010-06-11,R,100,Roadside Attractions,,Drama,,,95,8.2,1704
3105,Wonder Boys,19389454,33422485,,35000000,2000-02-23,R,111,Paramount Pictures,Based on Book/Short Story,Comedy,Contemporary Fiction,Curtis Hanson,81,7.5,31572
3107,White Chicks,69148997,111448997,,20000000,2004-06-23,PG-13,109,Sony Pictures,Original Screenplay,Comedy,Contemporary Fiction,Keenen Ivory Wayans,15,5.0,25970
3111,Taking Woodstock,7460204,10061080,,29000000,2009-08-26,R,120,Focus Features,Based on Book/Short Story,Drama,Dramatization,Ang Lee,48,6.8,8778
3113,The Wedding Crashers,209218368,283218368,,40000000,2005-07-15,R,113,New Line,Original Screenplay,Comedy,Contemporary Fiction,David Dobkin,,,
3116,We Own the Night,28563179,54700285,22557036,28000000,2007-10-12,R,117,Sony Pictures,Original Screenplay,Drama,Contemporary Fiction,James Gray,56,7.0,38163
3117,We Were Soldiers,78120196,114658262,,70000000,2002-03-01,R,138,Paramount Pictures,Based on Book/Short Story,Drama,Dramatization,,62,6.9,42580
3120,What a Girl Wants,35990505,35990505,,25000000,2003-04-04,PG,105,Warner Bros.,Remake,Comedy,Contemporary Fiction,Dennie Gordon,34,5.7,12561
3123,Where the Heart Is,33771174,40862054,,15000000,2000-04-28,PG-13,120,20th Century Fox,Based on Book/Short Story,Drama,Contemporary Fiction,,34,6.4,13302
3126,Welcome Home Roscoe Jenkins,42436517,43607627,17066717,27500000,2008-02-08,PG-13,114,Universal,Original Screenplay,Comedy,Contemporary Fiction,Malcolm D. Lee,23,4.5,5700
3128,What Dreams May Come,55485043,71485043,,80000000,1998-10-02,PG-13,113,Polygram,Based on Book/Short Story,Drama,Fantasy,,55,6.6,30486
3129,The White Countess,1669971,2814566,,16000000,2005-12-21,PG-13,135,Sony Pictures Classics,Original Screenplay,Drama,Historical Fiction,James Ivory,51,6.5,2855
3131,Where the Wild Things Are,77233467,99123656,27984751,100000000,2009-10-16,PG,100,Warner Bros.,Based on Book/Short Story,Adventure,Fantasy,Spike Jonze,73,7.2,30669
3140,Walk the Line,119519402,184319402,123216687,29000000,2005-11-18,PG-13,80,20th Century Fox,Based on Real Life Events,Drama,Dramatization,James Mangold,82,7.9,85235
3141,A Walk to Remember,41227069,46060915,,11000000,2002-01-25,PG,102,Warner Bros.,Based on Book/Short Story,Drama,Contemporary Fiction,Adam Shankman,28,7.1,38045
3143,Wild Wild West,113805681,222105681,,175000000,1999-06-30,PG-13,107,Warner Bros.,Based on TV,Adventure,Historical Fiction,Barry Sonnenfeld,21,4.3,54183
3145,White Noise,56094360,92094360,,10000000,2005-01-07,PG-13,101,Universal,Original Screenplay,Drama,Contemporary Fiction,,9,,
3150,The Women,26902075,50042410,10057074,16000000,2008-09-12,PG-13,114,Picturehouse,Original Screenplay,Comedy,Contemporary Fiction,,13,7.9,5519
3152,The Wood,25059640,25059640,,6000000,1999-07-16,R,106,Paramount Pictures,Original Screenplay,Comedy,Contemporary Fiction,,61,6.1,3224
3153,Without a Paddle,58156435,65121280,,30000000,2004-08-20,PG-13,95,Paramount Pictures,Based on Book/Short Story,Comedy,Contemporary Fiction,,15,5.7,17207
3154,What's the Worst That Could Happen?,32267774,38462071,,30000000,2001-06-01,PG-13,98,MGM,Original Screenplay,Comedy,Contemporary Fiction,,10,5.0,6727
3158,The Wrestler,26236603,43236603,11912450,6000000,2008-12-17,R,109,Fox Searchlight,Original Screenplay,Drama,Contemporary Fiction,Darren Aronofsky,98,8.2,93301
3163,Sky Captain and the World of Tomorrow,37760080,49730854,,70000000,2004-09-17,PG,106,Paramount Pictures,Original Screenplay,Adventure,Science Fiction,,72,6.3,40281
3165,The Waterboy,161491646,190191646,,23000000,1998-11-06,PG-13,86,Walt Disney Pictures,Original Screenplay,Comedy,Contemporary Fiction,Frank Coraci,32,5.7,43251
3179,The Divine Secrets of the Ya-Ya Sisterhood,69586544,73826768,,27000000,2002-06-07,PG-13,116,Warner Bros.,Based on Book/Short Story,Comedy,Contemporary Fiction,,,,
3181,Year One,43337279,57604723,14813995,60000000,2009-06-19,PG-13,97,Sony Pictures,Original Screenplay,Comedy,Historical Fiction,Harold Ramis,14,5.0,23091
3183,Yes Man,97690976,225990976,26601131,50000000,2008-12-19,PG-13,104,Warner Bros.,Based on Book/Short Story,Comedy,Contemporary Fiction,Peyton Reed,43,7.0,62150
3185,"Yours, Mine and Ours",53359917,72359917,26979166,45000000,2005-11-23,PG,90,Paramount Pictures,Remake,Comedy,Contemporary Fiction,Raja Gosnell,,7.6,259
3186,You've Got Mail,115821495,250800000,,65000000,1998-12-18,PG,119,Warner Bros.,Based on Play,Drama,Contemporary Fiction,Nora Ephron,68,6.2,52587
3192,Zathura,28045540,58545540,22025352,65000000,2005-11-11,PG,113,Sony Pictures,Based on Book/Short Story,Adventure,Fantasy,Jon Favreau,75,,
3194,Zoolander,45172250,60780981,,28000000,2001-09-28,PG-13,89,Paramount Pictures,Original Screenplay,Comedy,Contemporary Fiction,Ben Stiller,62,6.4,69296
3195,Zombieland,75590286,98690286,28281155,23600000,2009-10-02,R,87,Sony Pictures,Original Screenplay,Comedy,Fantasy,Ruben Fleischer,89,7.8,81629
3196,Zack and Miri Make a Porno,31452765,36851125,21240321,24000000,2008-10-31,R,101,Weinstein Co.,Original Screenplay,Comedy,Contemporary Fiction,Kevin Smith,65,7.0,55687
3199,The Legend of Zorro,45575336,141475336,,80000000,2005-10-28,PG,129,Sony Pictures,Remake,Adventure,Historical Fiction,Martin Campbell,26,5.7,21161
3200,The Mask of Zorro,93828745,233700000,,65000000,1998-07-17,PG-13,136,Sony Pictures,Remake,Adventure,Historical Fiction,Martin Campbell,82,6.7,4789
